USE ThothSystem;
GO
  
-- refaat from 0 to 30

---------------------------------
-- Insert into Customer Table
---------------------------------
INSERT INTO Customer (customerName, customerAddress, customerEmail, customerNotes, customerPhone)
VALUES
('علي أحمد', 'شارع النخيل، الرياض', 'ali.ahmed@example.com', 'عميل منتظم', '0501234567'),
('فاطمة محمد', 'حي السلام، جدة', 'fatima.mohamed@example.com', 'تفضل الدفع نقداً', '0551234567'),
('خالد سعيد', 'حي الروضة، الدمام', 'khaled.saeed@example.com', 'يطلب خصم 10%', '0561234567'),
('ليلى عبدالله', 'شارع الملك فهد، الرياض', 'layla.abdullah@example.com', 'تفضل التواصل عبر البريد الإلكتروني', '0571234567'),
('محمد حسن', 'حي العليا، الرياض', 'mohamed.hassan@example.com', 'يطلب فواتير إلكترونية', '0581234567'),
('نورة خالد', 'شارع التحلية، جدة', 'noura.khaled@example.com', 'تفضل التوصيل السريع', '0591234567'),
('سعيد علي', 'حي السليمانية، الرياض', 'saeed.ali@example.com', 'يطلب خصم 15%', '0511234567'),
('أحمد محمود', 'شارع العليا، الرياض', 'ahmed.mahmoud@example.com', 'عميل جديد', '0521234567'),
('منى عبدالرحمن', 'حي النزهة، جدة', 'mona.abdelrahman@example.com', 'تفضل الدفع بالبطاقة', '0531234567'),
('عبدالله سليمان', 'شارع الملك عبدالعزيز، الرياض', 'abdullah.sulaiman@example.com', 'يطلب فواتير ورقية', '0541234567'),
('هناء فؤاد', 'حي الرحمانية، جدة', 'hanna.fouad@example.com', 'تفضل التوصيل في المساء', '0552234567'),
('ياسر ناصر', 'شارع الثلاثين، الرياض', 'yasser.nasser@example.com', 'يطلب خصم 5%', '0562234567'),
('سارة خالد', 'حي المروج، الرياض', 'sara.khaled@example.com', 'تفضل التواصل عبر الهاتف', '0572234567'),
('عمر محمد', 'شارع الملك سلمان، الدمام', 'omar.mohamed@example.com', 'عميل منتظم', '0582234567'),
('مريم علي', 'حي النور، جدة', 'maryam.ali@example.com', 'تفضل الدفع نقداً', '0592234567'),
('فهد عبدالعزيز', 'شارع العروبة، الرياض', 'fahad.abdulaziz@example.com', 'يطلب خصم 10%', '0512234567'),
('ناصر سعد', 'حي الورود، الرياض', 'nasser.saad@example.com', 'تفضل التوصيل السريع', '0522234567'),
('لطيفة أحمد', 'شارع الخليج، جدة', 'latifa.ahmed@example.com', 'تفضل التواصل عبر البريد الإلكتروني', '0532234567'),
('عبدالرحمن خالد', 'حي الربيع، الرياض', 'abdelrahman.khaled@example.com', 'يطلب فواتير إلكترونية', '0542234567'),
('ريم فهد', 'شارع الملك فيصل، الدمام', 'reem.fahad@example.com', 'تفضل الدفع بالبطاقة', '0553234567'),
('سعد علي', 'حي الصفا، جدة', 'saad.ali@example.com', 'يطلب خصم 15%', '0563234567'),
('أمل سعيد', 'شارع الستين، الرياض', 'amal.saeed@example.com', 'تفضل التوصيل في المساء', '0573234567'),
('عبدالعزيز محمد', 'حي النخيل، الرياض', 'abdulaziz.mohamed@example.com', 'عميل جديد', '0583234567'),
('هند خالد', 'شارع التحلية، جدة', 'hind.khaled@example.com', 'تفضل الدفع نقداً', '0593234567'),
('فارس ناصر', 'حي السلام، الرياض', 'faris.nasser@example.com', 'يطلب خصم 10%', '0513234567'),
('شهد علي', 'شارع الملك فهد، الدمام', 'shahd.ali@example.com', 'تفضل التواصل عبر الهاتف', '0523234567'),
('نواف سعد', 'حي الروضة، الرياض', 'nawaf.saad@example.com', 'تفضل التوصيل السريع', '0533234567'),
('سلمى أحمد', 'شارع العليا، جدة', 'salma.ahmed@example.com', 'تفضل الدفع بالبطاقة', '0543234567'),
('تركي محمد', 'حي السليمانية، الرياض', 'turki.mohamed@example.com', 'يطلب فواتير ورقية', '0554234567'),
('جواهر عبدالله', 'شارع الملك عبدالعزيز، جدة', 'jawaher.abdullah@example.com', 'تفضل التواصل عبر البريد الإلكتروني', '0564234567');
GO

---------------------------------
-- Insert into Vendor Table
---------------------------------
INSERT INTO Vendor (vendorName, vendorAddress, vendorEmail, vendorNotes, vendorPhone)
VALUES
('شركة الأوراق المحدودة', 'شارع الصناعية، الرياض', 'alawraq@example.com', 'مورد ورق', '0502345678'),
('شركة الأحبار العربية', 'حي النهضة، جدة', 'alahbar@example.com', 'مورد أحبار', '0552345678'),
('شركة الأدوات المكتبية', 'شارع الخليج، الدمام', 'aladawat@example.com', 'مورد أدوات مكتبية', '0562345678'),
('شركة التغليف الحديث', 'حي العليا، الرياض', 'altaghleef@example.com', 'مورد مواد تغليف', '0572345678'),
('شركة الطباعة السريعة', 'شارع الملك فهد، جدة', 'altibaa@example.com', 'مورد خدمات طباعة', '0582345678'),
('شركة الألوان الزاهية', 'حي الروضة، الرياض', 'alwan@example.com', 'مورد ألوان', '0592345678'),
('شركة الأجهزة المكتبية', 'شارع التحلية، الدمام', 'alajhiza@example.com', 'مورد أجهزة مكتبية', '0512345678'),
('شركة الأوراق البيضاء', 'حي السليمانية، الرياض', 'alwaraq@example.com', 'مورد ورق أبيض', '0522345678'),
('شركة الأحبار الملونة', 'شارع الملك عبدالعزيز، جدة', 'alahbar_m@example.com', 'مورد أحبار ملونة', '0532345678'),
('شركة الأدوات الفنية', 'حي النزهة، الرياض', 'aladawat_f@example.com', 'مورد أدوات فنية', '0542345678'),
('شركة التغليف الذهبي', 'شارع العروبة، الدمام', 'altaghleef_z@example.com', 'مورد مواد تغليف ذهبية', '0553345678'),
('شركة الطباعة الفاخرة', 'حي الصفا، جدة', 'altibaa_f@example.com', 'مورد خدمات طباعة فاخرة', '0563345678'),
('شركة الألوان الطبيعية', 'شارع الثلاثين، الرياض', 'alwan_t@example.com', 'مورد ألوان طبيعية', '0573345678'),
('شركة الأجهزة الحديثة', 'حي المروج، الدمام', 'alajhiza_h@example.com', 'مورد أجهزة حديثة', '0583345678'),
('شركة الأوراق الملونة', 'شارع الملك سلمان، جدة', 'alwaraq_m@example.com', 'مورد ورق ملون', '0593345678'),
('شركة الأحبار السوداء', 'حي النور، الرياض', 'alahbar_s@example.com', 'مورد أحبار سوداء', '0513345678'),
('شركة الأدوات الإبداعية', 'شارع الخليج، الدمام', 'aladawat_e@example.com', 'مورد أدوات إبداعية', '0523345678'),
('شركة التغليف الفضي', 'حي الربيع، جدة', 'altaghleef_s@example.com', 'مورد مواد تغليف فضية', '0533345678'),
('شركة الطباعة السريعة', 'شارع الملك فيصل، الرياض', 'altibaa_s@example.com', 'مورد خدمات طباعة سريعة', '0543345678'),
('شركة الألوان الزاهية', 'حي الصفا، الدمام', 'alwan_z@example.com', 'مورد ألوان زاهية', '0554345678'),
('شركة الأجهزة المكتبية', 'شارع التحلية، جدة', 'alajhiza_m@example.com', 'مورد أجهزة مكتبية', '0564345678'),
('شركة الأوراق البيضاء', 'حي الروضة، الرياض', 'alwaraq_b@example.com', 'مورد ورق أبيض', '0574345678'),
('شركة الأحبار الملونة', 'شارع الملك عبدالعزيز، الدمام', 'alahbar_m2@example.com', 'مورد أحبار ملونة', '0584345678'),
('شركة الأدوات الفنية', 'حي النزهة، جدة', 'aladawat_f2@example.com', 'مورد أدوات فنية', '0594345678'),
('شركة التغليف الذهبي', 'شارع العروبة، الرياض', 'altaghleef_z2@example.com', 'مورد مواد تغليف ذهبية', '0514345678'),
('شركة الطباعة الفاخرة', 'حي الصفا، الدمام', 'altibaa_f2@example.com', 'مورد خدمات طباعة فاخرة', '0524345678'),
('شركة الألوان الطبيعية', 'شارع الثلاثين، جدة', 'alwan_t2@example.com', 'مورد ألوان طبيعية', '0534345678'),
('شركة الأجهزة الحديثة', 'حي المروج، الرياض', 'alajhiza_h2@example.com', 'مورد أجهزة حديثة', '0544345678'),
('شركة الأوراق الملونة', 'شارع الملك سلمان، الدمام', 'alwaraq_m2@example.com', 'مورد ورق ملون', '0555345678'),
('شركة الأحبار السوداء', 'حي النور، جدة', 'alahbar_s2@example.com', 'مورد أحبار سوداء', '0565345678');
GO

---------------------------------
-- Insert into Employee Table
---------------------------------
INSERT INTO Employee (employeeID, employeeUserName, employeePassword, employeeName, jobRole)
VALUES
('EMP001', 'admin', '5sqxH4KfcW9zCLTad25FHQk5X+OTyjOdy5D3gGnYzx92RUjH4+Y9jFvhZbESSpil', 'علي أحمد', 0),
('EMP002', 'fatima_mohamed', '5sqxH4KfcW9zCLTad25FHQk5X+OTyjOdy5D3gGnYzx92RUjH4+Y9jFvhZbESSpil', 'فاطمة محمد', 0),
('EMP003', 'khaled_saeed', '5sqxH4KfcW9zCLTad25FHQk5X+OTyjOdy5D3gGnYzx92RUjH4+Y9jFvhZbESSpil', 'خالد سعيد', 1),
('EMP004', 'layla_abdullah', '5sqxH4KfcW9zCLTad25FHQk5X+OTyjOdy5D3gGnYzx92RUjH4+Y9jFvhZbESSpil', 'ليلى عبدالله', 2),
('EMP005', 'mohamed_hassan', '5sqxH4KfcW9zCLTad25FHQk5X+OTyjOdy5D3gGnYzx92RUjH4+Y9jFvhZbESSpil', 'محمد حسن', 3),
('EMP006', 'noura_khaled', '5sqxH4KfcW9zCLTad25FHQk5X+OTyjOdy5D3gGnYzx92RUjH4+Y9jFvhZbESSpil', 'نورة خالد', 4),
('EMP007', 'saeed_ali', '5sqxH4KfcW9zCLTad25FHQk5X+OTyjOdy5D3gGnYzx92RUjH4+Y9jFvhZbESSpil', 'سعيد علي', 5),
('EMP008', 'ahmed_mahmoud', '5sqxH4KfcW9zCLTad25FHQk5X+OTyjOdy5D3gGnYzx92RUjH4+Y9jFvhZbESSpil', 'أحمد محمود', 6),
('EMP009', 'mona_abdelrahman', '5sqxH4KfcW9zCLTad25FHQk5X+OTyjOdy5D3gGnYzx92RUjH4+Y9jFvhZbESSpil', 'منى عبدالرحمن', 7),
('EMP010', 'abdullah_sulaiman', '5sqxH4KfcW9zCLTad25FHQk5X+OTyjOdy5D3gGnYzx92RUjH4+Y9jFvhZbESSpil', 'عبدالله سليمان', 8),
('EMP011', 'hanna_fouad', '5sqxH4KfcW9zCLTad25FHQk5X+OTyjOdy5D3gGnYzx92RUjH4+Y9jFvhZbESSpil', 'هناء فؤاد', 2),
('EMP012', 'yasser_nasser', '5sqxH4KfcW9zCLTad25FHQk5X+OTyjOdy5D3gGnYzx92RUjH4+Y9jFvhZbESSpil', 'ياسر ناصر', 3),
('EMP013', 'sara_khaled', '5sqxH4KfcW9zCLTad25FHQk5X+OTyjOdy5D3gGnYzx92RUjH4+Y9jFvhZbESSpil', 'سارة خالد', 1),
('EMP014', 'omar_mohamed', '5sqxH4KfcW9zCLTad25FHQk5X+OTyjOdy5D3gGnYzx92RUjH4+Y9jFvhZbESSpil', 'عمر محمد', 2),
('EMP015', 'maryam_ali', '5sqxH4KfcW9zCLTad25FHQk5X+OTyjOdy5D3gGnYzx92RUjH4+Y9jFvhZbESSpil', 'مريم علي', 3),
('EMP016', 'fahad_abdulaziz', '5sqxH4KfcW9zCLTad25FHQk5X+OTyjOdy5D3gGnYzx92RUjH4+Y9jFvhZbESSpil', 'فهد عبدالعزيز', 1),
('EMP017', 'nasser_saad', 'password123', 'ناصر سعد', 2),
('EMP018', 'latifa_ahmed', 'password123', 'لطيفة أحمد', 3),
('EMP019', 'abdelrahman_khaled', 'password123', 'عبدالرحمن خالد', 1),
('EMP020', 'reem_fahad', 'password123', 'ريم فهد', 2),
('EMP021', 'saad_ali', 'password123', 'سعد علي', 3),
('EMP022', 'amal_saeed', 'password123', 'أمل سعيد', 1),
('EMP023', 'abdulaziz_mohamed', 'password123', 'عبدالعزيز محمد', 2),
('EMP024', 'hind_khaled', 'password123', 'هند خالد', 3),
('EMP025', 'faris_nasser', 'password123', 'فارس ناصر', 1),
('EMP026', 'shahd_ali', 'password123', 'شهد علي', 2),
('EMP027', 'nawaf_saad', 'password123', 'نواف سعد', 3),
('EMP028', 'salma_ahmed', 'password123', 'سلمى أحمد', 1),
('EMP029', 'turki_mohamed', 'password123', 'تركي محمد', 2),
('EMP030', 'jawaher_abdullah', 'password123', 'جواهر عبدالله', 3);
GO
-------------------------------------------------------------------------------------------------------------------------------------------------------------------------------------------------------------

---------------------------------
-- Insert into Labour Table
---------------------------------
INSERT INTO Labour (labourProcessName, price)
VALUES
('قص الورق', 50.00),
('تغليف الكتب', 30.00),
('طباعة الألوان', 100.00),
('تغليف الهدايا', 40.00),
('تقطيع الورق', 20.00),
('تغليف المجلات', 35.00),
('طباعة الأسود', 80.00),
('تغليف الأظرف', 25.00),
('تقطيع الكرتون', 60.00),
('تغليف الكتب الفاخرة', 70.00),
('طباعة الصور', 120.00),
('تغليف الهدايا الفاخرة', 90.00),
('تقطيع البلاستيك', 40.00),
('تغليف المجلات الفاخرة', 55.00),
('طباعة الملصقات', 75.00),
('تغليف الأظرف الفاخرة', 45.00),
('تقطيع المعادن', 100.00),
('تغليف الكتب الكبيرة', 85.00),
('طباعة الكتيبات', 65.00),
('تغليف الهدايا الصغيرة', 30.00),
('تقطيع الخشب', 70.00),
('تغليف المجلات الصغيرة', 25.00),
('طباعة الكتب', 90.00),
('تغليف الأظرف الصغيرة', 20.00),
('تقطيع الزجاج', 110.00),
('تغليف الكتب الصغيرة', 40.00),
('طباعة المجلات', 85.00),
('تغليف الهدايا الكبيرة', 95.00),
('تقطيع الورق المقوى', 50.00),
('تغليف الأظرف الكبيرة', 60.00);
GO


---------------------------------
-- Insert into JobOrder Table
---------------------------------
INSERT INTO JobOrder (remainingAmount, unearnedRevenue, jobOrdernotes, earnedRevenue, orderProgress, customerID, startDate, endDate, employeeID)
VALUES
(500.00, 1000.00, 'طلب عاجل', 500.00, 'Pending', 1, '2023-10-01', '2023-10-10', 'EMP001'),
(300.00, 600.00, 'طلب عادي', 300.00, 'In Progress', 2, '2023-10-02', '2023-10-12', 'EMP002'),
(200.00, 400.00, 'طلب فاخر', 200.00, 'Completed', 3, '2023-10-03', '2023-10-13', 'EMP003'),
(400.00, 800.00, 'طلب كبير', 400.00, 'Pending', 4, '2023-10-04', '2023-10-14', 'EMP004'),
(100.00, 200.00, 'طلب صغير', 100.00, 'In Progress', 5, '2023-10-05', '2023-10-15', 'EMP005'),
(600.00, 1200.00, 'طلب كبير جداً', 600.00, 'Completed', 6, '2023-10-06', '2023-10-16', 'EMP006'),
(700.00, 1400.00, 'طلب عاجل', 700.00, 'Pending', 7, '2023-10-07', '2023-10-17', 'EMP007'),
(800.00, 1600.00, 'طلب عادي', 800.00, 'In Progress', 8, '2023-10-08', '2023-10-18', 'EMP008'),
(900.00, 1800.00, 'طلب فاخر', 900.00, 'Completed', 9, '2023-10-09', '2023-10-19', 'EMP009'),
(1000.00, 2000.00, 'طلب كبير', 1000.00, 'Pending', 10, '2023-10-10', '2023-10-20', 'EMP010'),
(1100.00, 2200.00, 'طلب صغير', 1100.00, 'In Progress', 11, '2023-10-11', '2023-10-21', 'EMP011'),
(1200.00, 2400.00, 'طلب كبير جداً', 1200.00, 'Completed', 12, '2023-10-12', '2023-10-22', 'EMP012'),
(1300.00, 2600.00, 'طلب عاجل', 1300.00, 'Pending', 13, '2023-10-13', '2023-10-23', 'EMP013'),
(1400.00, 2800.00, 'طلب عادي', 1400.00, 'In Progress', 14, '2023-10-14', '2023-10-24', 'EMP014'),
(1500.00, 3000.00, 'طلب فاخر', 1500.00, 'Completed', 15, '2023-10-15', '2023-10-25', 'EMP015'),
(1600.00, 3200.00, 'طلب كبير', 1600.00, 'Pending', 16, '2023-10-16', '2023-10-26', 'EMP016'),
(1700.00, 3400.00, 'طلب صغير', 1700.00, 'In Progress', 17, '2023-10-17', '2023-10-27', 'EMP017'),
(1800.00, 3600.00, 'طلب كبير جداً', 1800.00, 'Completed', 18, '2023-10-18', '2023-10-28', 'EMP018'),
(1900.00, 3800.00, 'طلب عاجل', 1900.00, 'Pending', 19, '2023-10-19', '2023-10-29', 'EMP019'),
(2000.00, 4000.00, 'طلب عادي', 2000.00, 'In Progress', 20, '2023-10-20', '2023-10-30', 'EMP020'),
(2100.00, 4200.00, 'طلب فاخر', 2100.00, 'Completed', 21, '2023-10-21', '2023-10-31', 'EMP021'),
(2200.00, 4400.00, 'طلب كبير', 2200.00, 'Pending', 22, '2023-10-22', '2023-11-01', 'EMP022'),
(2300.00, 4600.00, 'طلب صغير', 2300.00, 'In Progress', 23, '2023-10-23', '2023-11-02', 'EMP023'),
(2400.00, 4800.00, 'طلب كبير جداً', 2400.00, 'Completed', 24, '2023-10-24', '2023-11-03', 'EMP024'),
(2500.00, 5000.00, 'طلب عاجل', 2500.00, 'Pending', 25, '2023-10-25', '2023-11-04', 'EMP025'),
(2600.00, 5200.00, 'طلب عادي', 2600.00, 'In Progress', 26, '2023-10-26', '2023-11-05', 'EMP026'),
(2700.00, 5400.00, 'طلب فاخر', 2700.00, 'Completed', 27, '2023-10-27', '2023-11-06', 'EMP027'),
(2800.00, 5600.00, 'طلب كبير', 2800.00, 'Pending', 28, '2023-10-28', '2023-11-07', 'EMP028'),
(2900.00, 5800.00, 'طلب صغير', 2900.00, 'In Progress', 29, '2023-10-29', '2023-11-08', 'EMP029'),
(3000.00, 6000.00, 'طلب كبير جداً', 3000.00, 'Completed', 30, '2023-10-30', '2023-11-09', 'EMP030');
GO


---------------------------------
-- Insert into Machine Table
---------------------------------
INSERT INTO Machine (machineProcessName, price)
VALUES
('ماكينة قص الورق', 5000.00),
('ماكينة التغليف', 3000.00),
('ماكينة الطباعة الملونة', 10000.00),
('ماكينة التغليف الفاخر', 4000.00),
('ماكينة التقطيع', 2000.00),
('ماكينة تغليف المجلات', 3500.00),
('ماكينة الطباعة الأسود', 8000.00),
('ماكينة تغليف الأظرف', 2500.00),
('ماكينة تقطيع الكرتون', 6000.00),
('ماكينة تغليف الكتب الفاخرة', 7000.00),
('ماكينة طباعة الصور', 12000.00),
('ماكينة تغليف الهدايا الفاخرة', 9000.00),
('ماكينة تقطيع البلاستيك', 4000.00),
('ماكينة تغليف المجلات الفاخرة', 5500.00),
('ماكينة طباعة الملصقات', 7500.00),
('ماكينة تغليف الأظرف الفاخرة', 4500.00),
('ماكينة تقطيع المعادن', 10000.00),
('ماكينة تغليف الكتب الكبيرة', 8500.00),
('ماكينة طباعة الكتيبات', 6500.00),
('ماكينة تغليف الهدايا الصغيرة', 3000.00),
('ماكينة تقطيع الخشب', 7000.00),
('ماكينة تغليف المجلات الصغيرة', 2500.00),
('ماكينة طباعة الكتب', 9000.00),
('ماكينة تغليف الأظرف الصغيرة', 2000.00),
('ماكينة تقطيع الزجاج', 11000.00),
('ماكينة تغليف الكتب الصغيرة', 4000.00),
('ماكينة طباعة المجلات', 8500.00),
('ماكينة تغليف الهدايا الكبيرة', 9500.00),
('ماكينة تقطيع الورق المقوى', 5000.00),
('ماكينة تغليف الأظرف الكبيرة', 6000.00);
GO


---------------------------------
-- Insert into ProcessBridge Table
---------------------------------
INSERT INTO ProcessBridge (jobOrderID, machineID, labourID, totalMachineValue, totalLabourValue, numberOfHours, employeeID)
VALUES
(1, 1, 1, 5000.00, 50.00, 10.00, 'EMP001'),
(2, 2, 2, 3000.00, 30.00, 8.00, 'EMP002'),
(3, 3, 3, 10000.00, 100.00, 12.00, 'EMP003'),
(4, 4, 4, 4000.00, 40.00, 9.00, 'EMP004'),
(5, 5, 5, 2000.00, 20.00, 7.00, 'EMP005'),
(6, 6, 6, 3500.00, 35.00, 11.00, 'EMP006'),
(7, 7, 7, 8000.00, 80.00, 10.00, 'EMP007'),
(8, 8, 8, 2500.00, 25.00, 8.00, 'EMP008'),
(9, 9, 9, 6000.00, 60.00, 12.00, 'EMP009'),
(10, 10, 10, 7000.00, 70.00, 10.00, 'EMP010'),
(11, 11, 11, 12000.00, 120.00, 15.00, 'EMP011'),
(12, 12, 12, 9000.00, 90.00, 14.00, 'EMP012'),
(13, 13, 13, 4000.00, 40.00, 9.00, 'EMP013'),
(14, 14, 14, 5500.00, 55.00, 11.00, 'EMP014'),
(15, 15, 15, 7500.00, 75.00, 10.00, 'EMP015'),
(16, 16, 16, 4500.00, 45.00, 8.00, 'EMP016'),
(17, 17, 17, 10000.00, 100.00, 12.00, 'EMP017'),
(18, 18, 18, 8500.00, 85.00, 10.00, 'EMP018'),
(19, 19, 19, 6500.00, 65.00, 9.00, 'EMP019'),
(20, 20, 20, 3000.00, 30.00, 7.00, 'EMP020'),
(21, 21, 21, 7000.00, 70.00, 10.00, 'EMP021'),
(22, 22, 22, 2500.00, 25.00, 8.00, 'EMP022'),
(23, 23, 23, 9000.00, 90.00, 12.00, 'EMP023'),
(24, 24, 24, 2000.00, 20.00, 7.00, 'EMP024'),
(25, 25, 25, 11000.00, 110.00, 15.00, 'EMP025'),
(26, 26, 26, 4000.00, 40.00, 9.00, 'EMP026'),
(27, 27, 27, 8500.00, 85.00, 10.00, 'EMP027'),
(28, 28, 28, 9500.00, 95.00, 12.00, 'EMP028'),
(29, 29, 29, 5000.00, 50.00, 10.00, 'EMP029'),
(30, 30, 30, 6000.00, 60.00, 8.00, 'EMP030');
GO

---------------------------------
-- Insert into MiscellaneousExpenses Table
---------------------------------
INSERT INTO MiscellaneousExpenses (jobOrderID, employeeID, materialProcessingExpense, filmsProcessingExpense, materialsTotal, totalAfterMaterials, adminstrativeExpense, totalExpenses, percentage, totalAfterPercentage, ministryOfFinance, employeeImprovmentBox, valueAddedTax, finalTotal)
VALUES
(1, 'EMP001', 100.00, 50.00, 150.00, 650.00, 50.00, 700.00, 10.00, 770.00, 77.00, 77.00, 154.00, 1001.00),
(2, 'EMP002', 200.00, 100.00, 300.00, 900.00, 100.00, 1000.00, 10.00, 1100.00, 110.00, 110.00, 220.00, 1430.00),
(3, 'EMP003', 300.00, 150.00, 450.00, 1450.00, 150.00, 1600.00, 10.00, 1760.00, 176.00, 176.00, 352.00, 2288.00),
(4, 'EMP004', 400.00, 200.00, 600.00, 2000.00, 200.00, 2200.00, 10.00, 2420.00, 242.00, 242.00, 484.00, 3146.00),
(5, 'EMP005', 500.00, 250.00, 750.00, 2550.00, 250.00, 2800.00, 10.00, 3080.00, 308.00, 308.00, 616.00, 4004.00),
(6, 'EMP006', 600.00, 300.00, 900.00, 3300.00, 300.00, 3600.00, 10.00, 3960.00, 396.00, 396.00, 792.00, 5148.00),
(7, 'EMP007', 700.00, 350.00, 1050.00, 4050.00, 350.00, 4400.00, 10.00, 4840.00, 484.00, 484.00, 968.00, 6292.00),
(8, 'EMP008', 800.00, 400.00, 1200.00, 5200.00, 400.00, 5600.00, 10.00, 6160.00, 616.00, 616.00, 1232.00, 8008.00),
(9, 'EMP009', 900.00, 450.00, 1350.00, 6350.00, 450.00, 6800.00, 10.00, 7480.00, 748.00, 748.00, 1496.00, 9724.00),
(10, 'EMP010', 1000.00, 500.00, 1500.00, 7500.00, 500.00, 8000.00, 10.00, 8800.00, 880.00, 880.00, 1760.00, 11440.00),
(11, 'EMP011', 1100.00, 550.00, 1650.00, 8650.00, 550.00, 9200.00, 10.00, 10120.00, 1012.00, 1012.00, 2024.00, 13156.00),
(12, 'EMP012', 1200.00, 600.00, 1800.00, 9800.00, 600.00, 10400.00, 10.00, 11440.00, 1144.00, 1144.00, 2288.00, 14872.00),
(13, 'EMP013', 1300.00, 650.00, 1950.00, 10950.00, 650.00, 11600.00, 10.00, 12760.00, 1276.00, 1276.00, 2552.00, 16588.00),
(14, 'EMP014', 1400.00, 700.00, 2100.00, 12100.00, 700.00, 12800.00, 10.00, 14080.00, 1408.00, 1408.00, 2816.00, 18304.00),
(15, 'EMP015', 1500.00, 750.00, 2250.00, 13250.00, 750.00, 14000.00, 10.00, 15400.00, 1540.00, 1540.00, 3080.00, 20020.00),
(16, 'EMP016', 1600.00, 800.00, 2400.00, 14400.00, 800.00, 15200.00, 10.00, 16720.00, 1672.00, 1672.00, 3344.00, 21736.00),
(17, 'EMP017', 1700.00, 850.00, 2550.00, 15550.00, 850.00, 16400.00, 10.00, 18040.00, 1804.00, 1804.00, 3608.00, 23452.00),
(18, 'EMP018', 1800.00, 900.00, 2700.00, 16700.00, 900.00, 17600.00, 10.00, 19360.00, 1936.00, 1936.00, 3872.00, 25168.00),
(19, 'EMP019', 1900.00, 950.00, 2850.00, 17850.00, 950.00, 18800.00, 10.00, 20680.00, 2068.00, 2068.00, 4136.00, 26884.00),
(20, 'EMP020', 2000.00, 1000.00, 3000.00, 19000.00, 1000.00, 20000.00, 10.00, 22000.00, 2200.00, 2200.00, 4400.00, 28600.00),
(21, 'EMP021', 2100.00, 1050.00, 3150.00, 20150.00, 1050.00, 21200.00, 10.00, 23320.00, 2332.00, 2332.00, 4664.00, 30316.00),
(22, 'EMP022', 2200.00, 1100.00, 3300.00, 21300.00, 1100.00, 22400.00, 10.00, 24640.00, 2464.00, 2464.00, 4928.00, 32032.00),
(23, 'EMP023', 2300.00, 1150.00, 3450.00, 22450.00, 1150.00, 23600.00, 10.00, 25960.00, 2596.00, 2596.00, 5192.00, 33748.00),
(24, 'EMP024', 2400.00, 1200.00, 3600.00, 23600.00, 1200.00, 24800.00, 10.00, 27280.00, 2728.00, 2728.00, 5456.00, 35464.00),
(25, 'EMP025', 2500.00, 1250.00, 3750.00, 24750.00, 1250.00, 26000.00, 10.00, 28600.00, 2860.00, 2860.00, 5720.00, 37180.00),
(26, 'EMP026', 2600.00, 1300.00, 3900.00, 25900.00, 1300.00, 27200.00, 10.00, 29920.00, 2992.00, 2992.00, 5984.00, 38912.00),
(27, 'EMP027', 2700.00, 1350.00, 4050.00, 27050.00, 1350.00, 28400.00, 10.00, 31240.00, 3124.00, 3124.00, 6248.00, 40612.00),
(28, 'EMP028', 2800.00, 1400.00, 4200.00, 28200.00, 1400.00, 29600.00, 10.00, 32560.00, 3256.00, 3256.00, 6512.00, 42328.00),
(29, 'EMP029', 2900.00, 1450.00, 4350.00, 29350.00, 1450.00, 30800.00, 10.00, 33880.00, 3388.00, 3388.00, 6776.00, 44044.00),
(30, 'EMP030', 3000.00, 1500.00, 4500.00, 30500.00, 1500.00, 32000.00, 10.00, 35200.00, 3520.00, 3520.00, 7040.00, 45760.00);
GO


---------------------------------
-- Insert into ReturnsOrder Table
---------------------------------
INSERT INTO ReturnsOrder (returnDate, jobOrderID, employeeID, returnsNotes)
VALUES
('2023-10-01', 1, 'EMP001', 'تم إرجاع الطلب بسبب عيب في الطباعة'),
('2023-10-02', 2, 'EMP002', 'تم إرجاع الطلب بسبب خطأ في التغليف'),
('2023-10-03', 3, 'EMP003', 'تم إرجاع الطلب بسبب تأخير في التسليم'),
('2023-10-04', 4, 'EMP004', 'تم إرجاع الطلب بسبب عدم الرضا عن الجودة'),
('2023-10-05', 5, 'EMP005', 'تم إرجاع الطلب بسبب خطأ في الكمية'),
('2023-10-06', 6, 'EMP006', 'تم إرجاع الطلب بسبب عيب في المواد'),
('2023-10-07', 7, 'EMP007', 'تم إرجاع الطلب بسبب خطأ في الألوان'),
('2023-10-08', 8, 'EMP008', 'تم إرجاع الطلب بسبب عيب في التقطيع'),
('2023-10-09', 9, 'EMP009', 'تم إرجاع الطلب بسبب خطأ في التصميم'),
('2023-10-10', 10, 'EMP010', 'تم إرجاع الطلب بسبب عيب في الطباعة'),
('2023-10-11', 11, 'EMP011', 'تم إرجاع الطلب بسبب خطأ في التغليف'),
('2023-10-12', 12, 'EMP012', 'تم إرجاع الطلب بسبب تأخير في التسليم'),
('2023-10-13', 13, 'EMP013', 'تم إرجاع الطلب بسبب عدم الرضا عن الجودة'),
('2023-10-14', 14, 'EMP014', 'تم إرجاع الطلب بسبب خطأ في الكمية'),
('2023-10-15', 15, 'EMP015', 'تم إرجاع الطلب بسبب عيب في المواد'),
('2023-10-16', 16, 'EMP016', 'تم إرجاع الطلب بسبب خطأ في الألوان'),
('2023-10-17', 17, 'EMP017', 'تم إرجاع الطلب بسبب عيب في التقطيع'),
('2023-10-18', 18, 'EMP018', 'تم إرجاع الطلب بسبب خطأ في التصميم'),
('2023-10-19', 19, 'EMP019', 'تم إرجاع الطلب بسبب عيب في الطباعة'),
('2023-10-20', 20, 'EMP020', 'تم إرجاع الطلب بسبب خطأ في التغليف'),
('2023-10-21', 21, 'EMP021', 'تم إرجاع الطلب بسبب تأخير في التسليم'),
('2023-10-22', 22, 'EMP022', 'تم إرجاع الطلب بسبب عدم الرضا عن الجودة'),
('2023-10-23', 23, 'EMP023', 'تم إرجاع الطلب بسبب خطأ في الكمية'),
('2023-10-24', 24, 'EMP024', 'تم إرجاع الطلب بسبب عيب في المواد'),
('2023-10-25', 25, 'EMP025', 'تم إرجاع الطلب بسبب خطأ في الألوان'),
('2023-10-26', 26, 'EMP026', 'تم إرجاع الطلب بسبب عيب في التقطيع'),
('2023-10-27', 27, 'EMP027', 'تم إرجاع الطلب بسبب خطأ في التصميم'),
('2023-10-28', 28, 'EMP028', 'تم إرجاع الطلب بسبب عيب في الطباعة'),
('2023-10-29', 29, 'EMP029', 'تم إرجاع الطلب بسبب خطأ في التغليف'),
('2023-10-30', 30, 'EMP030', 'تم إرجاع الطلب بسبب تأخير في التسليم');
GO

---------------------------------
-- Insert into RequisiteOrder Table
---------------------------------
INSERT INTO RequisiteOrder (requisiteDate, employeeID, jobOrderID, requisiteNotes)
VALUES
('2023-10-01', 'EMP001', 1, 'طلب مواد لتنفيذ الطلب'),
('2023-10-02', 'EMP002', 2, 'طلب مواد لتنفيذ الطلب'),
('2023-10-03', 'EMP003', 3, 'طلب مواد لتنفيذ الطلب'),
('2023-10-04', 'EMP004', 4, 'طلب مواد لتنفيذ الطلب'),
('2023-10-05', 'EMP005', 5, 'طلب مواد لتنفيذ الطلب'),
('2023-10-06', 'EMP006', 6, 'طلب مواد لتنفيذ الطلب'),
('2023-10-07', 'EMP007', 7, 'طلب مواد لتنفيذ الطلب'),
('2023-10-08', 'EMP008', 8, 'طلب مواد لتنفيذ الطلب'),
('2023-10-09', 'EMP009', 9, 'طلب مواد لتنفيذ الطلب'),
('2023-10-10', 'EMP010', 10, 'طلب مواد لتنفيذ الطلب'),
('2023-10-11', 'EMP011', 11, 'طلب مواد لتنفيذ الطلب'),
('2023-10-12', 'EMP012', 12, 'طلب مواد لتنفيذ الطلب'),
('2023-10-13', 'EMP013', 13, 'طلب مواد لتنفيذ الطلب'),
('2023-10-14', 'EMP014', 14, 'طلب مواد لتنفيذ الطلب'),
('2023-10-15', 'EMP015', 15, 'طلب مواد لتنفيذ الطلب'),
('2023-10-16', 'EMP016', 16, 'طلب مواد لتنفيذ الطلب'),
('2023-10-17', 'EMP017', 17, 'طلب مواد لتنفيذ الطلب'),
('2023-10-18', 'EMP018', 18, 'طلب مواد لتنفيذ الطلب'),
('2023-10-19', 'EMP019', 19, 'طلب مواد لتنفيذ الطلب'),
('2023-10-20', 'EMP020', 20, 'طلب مواد لتنفيذ الطلب'),
('2023-10-21', 'EMP021', 21, 'طلب مواد لتنفيذ الطلب'),
('2023-10-22', 'EMP022', 22, 'طلب مواد لتنفيذ الطلب'),
('2023-10-23', 'EMP023', 23, 'طلب مواد لتنفيذ الطلب'),
('2023-10-24', 'EMP024', 24, 'طلب مواد لتنفيذ الطلب'),
('2023-10-25', 'EMP025', 25, 'طلب مواد لتنفيذ الطلب'),
('2023-10-26', 'EMP026', 26, 'طلب مواد لتنفيذ الطلب'),
('2023-10-27', 'EMP027', 27, 'طلب مواد لتنفيذ الطلب'),
('2023-10-28', 'EMP028', 28, 'طلب مواد لتنفيذ الطلب'),
('2023-10-29', 'EMP029', 29, 'طلب مواد لتنفيذ الطلب'),
('2023-10-30', 'EMP030', 30, 'طلب مواد لتنفيذ الطلب');
GO

---------------------------------
-- Insert into Paper Table
---------------------------------
INSERT INTO Paper (name, size, weight, totalBalance, colored, quantity, price, reorderPoint)
VALUES
('ورق أبيض', 'A4', 80.00, 1000.00, 'لا', 100, 10.00, 100.00),
('ورق ملون', 'A4', 80.00, 500.00, 'نعم', 50, 15.00, 50.00),
('ورق فاخر', 'A3', 120.00, 300.00, 'لا', 30, 20.00, 30.00),
('ورق لامع', 'A4', 90.00, 400.00, 'نعم', 40, 12.00, 40.00),
('ورق كرتون', 'A2', 200.00, 200.00, 'لا', 20, 25.00, 20.00),
('ورق جرائد', 'A1', 70.00, 600.00, 'لا', 60, 8.00, 60.00),
('ورق فوتو', 'A4', 100.00, 350.00, 'نعم', 35, 18.00, 35.00),
('ورق رسم', 'A3', 110.00, 250.00, 'لا', 25, 22.00, 25.00),
('ورق لاصق', 'A4', 85.00, 450.00, 'نعم', 45, 14.00, 45.00),
('ورق مقوى', 'A2', 150.00, 150.00, 'لا', 15, 30.00, 15.00),
('ورق فاخر ملون', 'A3', 120.00, 200.00, 'نعم', 20, 25.00, 20.00),
('ورق جرائد ملون', 'A1', 70.00, 400.00, 'نعم', 40, 10.00, 40.00),
('ورق فوتو لامع', 'A4', 100.00, 300.00, 'نعم', 30, 20.00, 30.00),
('ورق رسم فاخر', 'A3', 110.00, 150.00, 'لا', 15, 28.00, 15.00),
('ورق لاصق فاخر', 'A4', 85.00, 350.00, 'نعم', 35, 16.00, 35.00),
('ورق مقوى ملون', 'A2', 150.00, 100.00, 'نعم', 10, 35.00, 10.00),
('ورق أبيض فاخر', 'A4', 80.00, 500.00, 'لا', 50, 12.00, 50.00),
('ورق ملون فاخر', 'A4', 80.00, 250.00, 'نعم', 25, 18.00, 25.00),
('ورق فاخر لامع', 'A3', 120.00, 200.00, 'نعم', 20, 22.00, 20.00),
('ورق كرتون فاخر', 'A2', 200.00, 150.00, 'لا', 15, 30.00, 15.00),
('ورق جرائد فاخر', 'A1', 70.00, 300.00, 'لا', 30, 12.00, 30.00),
('ورق فوتو فاخر', 'A4', 100.00, 250.00, 'نعم', 25, 25.00, 25.00),
('ورق رسم لامع', 'A3', 110.00, 100.00, 'لا', 10, 30.00, 10.00),
('ورق لاصق لامع', 'A4', 85.00, 200.00, 'نعم', 20, 18.00, 20.00),
('ورق مقوى لامع', 'A2', 150.00, 50.00, 'لا', 5, 40.00, 5.00),
('ورق أبيض لامع', 'A4', 80.00, 400.00, 'لا', 40, 14.00, 40.00),
('ورق ملون لامع', 'A4', 80.00, 200.00, 'نعم', 20, 20.00, 20.00),
('ورق فاخر مقوى', 'A3', 120.00, 150.00, 'لا', 15, 35.00, 15.00),
('ورق كرتون لامع', 'A2', 200.00, 100.00, 'لا', 10, 45.00, 10.00),
('ورق جرائد لامع', 'A1', 70.00, 200.00, 'لا', 20, 15.00, 20.00);
GO

---------------------------------
-- Insert into Ink Table
---------------------------------
INSERT INTO Ink (name, totalBalance, colored, price, quantity, reorderPoint)
VALUES
('حبر أسود', 1000.00, 'لا', 50.00, 100, 100.00),
('حبر أزرق', 500.00, 'نعم', 60.00, 50, 50.00),
('حبر أحمر', 300.00, 'نعم', 70.00, 30, 30.00),
('حبر أخضر', 400.00, 'نعم', 80.00, 40, 40.00),
('حبر أصفر', 200.00, 'نعم', 90.00, 20, 20.00),
('حبر بني', 600.00, 'نعم', 100.00, 60, 60.00),
('حبر رمادي', 350.00, 'لا', 55.00, 35, 35.00),
('حبر وردي', 250.00, 'نعم', 65.00, 25, 25.00),
('حبر برتقالي', 450.00, 'نعم', 75.00, 45, 45.00),
('حبر بنفسجي', 150.00, 'نعم', 85.00, 15, 15.00),
('حبر فضي', 200.00, 'نعم', 95.00, 20, 20.00),
('حبر ذهبي', 400.00, 'نعم', 105.00, 40, 40.00),
('حبر أزرق فاتح', 300.00, 'نعم', 115.00, 30, 30.00),
('حبر أحمر داكن', 150.00, 'نعم', 125.00, 15, 15.00),
('حبر أخضر فاتح', 350.00, 'نعم', 135.00, 35, 35.00),
('حبر أصفر داكن', 100.00, 'نعم', 145.00, 10, 10.00),
('حبر بني فاتح', 500.00, 'نعم', 155.00, 50, 50.00),
('حبر رمادي داكن', 250.00, 'لا', 165.00, 25, 25.00),
('حبر وردي فاتح', 450.00, 'نعم', 175.00, 45, 45.00),
('حبر برتقالي داكن', 150.00, 'نعم', 185.00, 15, 15.00),
('حبر بنفسجي فاتح', 200.00, 'نعم', 195.00, 20, 20.00),
('حبر فضي داكن', 400.00, 'نعم', 205.00, 40, 40.00),
('حبر ذهبي فاتح', 300.00, 'نعم', 215.00, 30, 30.00),
('حبر أزرق داكن', 150.00, 'نعم', 225.00, 15, 15.00),
('حبر أحمر فاتح', 350.00, 'نعم', 235.00, 35, 35.00),
('حبر أخضر داكن', 100.00, 'نعم', 245.00, 10, 10.00),
('حبر أصفر فاتح', 500.00, 'نعم', 255.00, 50, 50.00),
('حبر بني داكن', 250.00, 'نعم', 265.00, 25, 25.00),
('حبر رمادي فاتح', 450.00, 'لا', 275.00, 45, 45.00),
('حبر وردي داكن', 150.00, 'نعم', 285.00, 15, 15.00);
GO

---------------------------------
-- Insert into Supplies Table
---------------------------------
INSERT INTO Supplies (name, totalBalance, price, quantity, reorderPoint)
VALUES
('أقلام حبر', 1000.00, 5.00, 100, 100.00),
('أقلام رصاص', 500.00, 2.00, 50, 50.00),
('أقلام تخطيط', 300.00, 10.00, 30, 30.00),
('أقلام ماركر', 400.00, 15.00, 40, 40.00),
('أقلام جاف', 200.00, 20.00, 20, 20.00),
('أقلام فلوماستر', 600.00, 25.00, 60, 60.00),
('أقلام تلوين', 350.00, 30.00, 35, 35.00),
('أقلام حبر جاف', 250.00, 35.00, 25, 25.00),
('أقلام رصاص فنية', 450.00, 40.00, 45, 45.00),
('أقلام تخطيط فاخرة', 150.00, 45.00, 15, 15.00),
('أقلام ماركر فاخرة', 200.00, 50.00, 20, 20.00),
('أقلام جاف فاخرة', 400.00, 55.00, 40, 40.00),
('أقلام فلوماستر فاخرة', 300.00, 60.00, 30, 30.00),
('أقلام تلوين فاخرة', 150.00, 65.00, 15, 15.00),
('أقلام حبر جاف فاخرة', 350.00, 70.00, 35, 35.00),
('أقلام رصاص فنية فاخرة', 100.00, 75.00, 10, 10.00),
('أقلام تخطيط فاخرة', 500.00, 80.00, 50, 50.00),
('أقلام ماركر فاخرة', 250.00, 85.00, 25, 25.00),
('أقلام جاف فاخرة', 450.00, 90.00, 45, 45.00),
('أقلام فلوماستر فاخرة', 150.00, 95.00, 15, 15.00),
('أقلام تلوين فاخرة', 200.00, 100.00, 20, 20.00),
('أقلام حبر جاف فاخرة', 400.00, 105.00, 40, 40.00),
('أقلام رصاص فنية فاخرة', 300.00, 110.00, 30, 30.00),
('أقلام تخطيط فاخرة', 150.00, 115.00, 15, 15.00),
('أقلام ماركر فاخرة', 350.00, 120.00, 35, 35.00),
('أقلام جاف فاخرة', 100.00, 125.00, 10, 10.00),
('أقلام فلوماستر فاخرة', 500.00, 130.00, 50, 50.00),
('أقلام تلوين فاخرة', 250.00, 135.00, 25, 25.00),
('أقلام حبر جاف فاخرة', 450.00, 140.00, 45, 45.00),
('أقلام رصاص فنية فاخرة', 150.00, 145.00, 15, 15.00);
GO

---------------------------------
-- Insert into PurchaseOrder Table
---------------------------------
INSERT INTO PurchaseOrder (purchaseDate, employeeID, vendorID, purchaseNotes)
VALUES
('2023-10-01', 'EMP001', 1, 'شراء ورق أبيض'),
('2023-10-02', 'EMP002', 2, 'شراء حبر أسود'),
('2023-10-03', 'EMP003', 3, 'شراء أقلام حبر'),
('2023-10-04', 'EMP004', 4, 'شراء ورق ملون'),
('2023-10-05', 'EMP005', 5, 'شراء حبر أزرق'),
('2023-10-06', 'EMP006', 6, 'شراء أقلام رصاص'),
('2023-10-07', 'EMP007', 7, 'شراء ورق فاخر'),
('2023-10-08', 'EMP008', 8, 'شراء حبر أحمر'),
('2023-10-09', 'EMP009', 9, 'شراء أقلام تخطيط'),
('2023-10-10', 'EMP010', 10, 'شراء ورق لامع'),
('2023-10-11', 'EMP011', 11, 'شراء حبر أخضر'),
('2023-10-12', 'EMP012', 12, 'شراء أقلام ماركر'),
('2023-10-13', 'EMP013', 13, 'شراء ورق كرتون'),
('2023-10-14', 'EMP014', 14, 'شراء حبر أصفر'),
('2023-10-15', 'EMP015', 15, 'شراء أقلام جاف'),
('2023-10-16', 'EMP016', 16, 'شراء ورق جرائد'),
('2023-10-17', 'EMP017', 17, 'شراء حبر بني'),
('2023-10-18', 'EMP018', 18, 'شراء أقلام فلوماستر'),
('2023-10-19', 'EMP019', 19, 'شراء ورق فوتو'),
('2023-10-20', 'EMP020', 20, 'شراء حبر رمادي'),
('2023-10-21', 'EMP021', 21, 'شراء أقلام تلوين'),
('2023-10-22', 'EMP022', 22, 'شراء ورق رسم'),
('2023-10-23', 'EMP023', 23, 'شراء حبر وردي'),
('2023-10-24', 'EMP024', 24, 'شراء أقلام حبر جاف'),
('2023-10-25', 'EMP025', 25, 'شراء ورق لاصق'),
('2023-10-26', 'EMP026', 26, 'شراء حبر برتقالي'),
('2023-10-27', 'EMP027', 27, 'شراء أقلام رصاص فنية'),
('2023-10-28', 'EMP028', 28, 'شراء ورق مقوى'),
('2023-10-29', 'EMP029', 29, 'شراء حبر بنفسجي'),
('2023-10-30', 'EMP030', 30, 'شراء أقلام تخطيط فاخرة');
GO

---------------------------------
-- Insert into PhysicalCountOrder Table
---------------------------------
INSERT INTO PhysicalCountOrder (physicalCountDate, employeeID, physicalCountNotes)
VALUES
('2023-10-01', 'EMP001', 'جرد ورق أبيض'),
('2023-10-02', 'EMP002', 'جرد حبر أسود'),
('2023-10-03', 'EMP003', 'جرد أقلام حبر'),
('2023-10-04', 'EMP004', 'جرد ورق ملون'),
('2023-10-05', 'EMP005', 'جرد حبر أزرق'),
('2023-10-06', 'EMP006', 'جرد أقلام رصاص'),
('2023-10-07', 'EMP007', 'جرد ورق فاخر'),
('2023-10-08', 'EMP008', 'جرد حبر أحمر'),
('2023-10-09', 'EMP009', 'جرد أقلام تخطيط'),
('2023-10-10', 'EMP010', 'جرد ورق لامع'),
('2023-10-11', 'EMP011', 'جرد حبر أخضر'),
('2023-10-12', 'EMP012', 'جرد أقلام ماركر'),
('2023-10-13', 'EMP013', 'جرد ورق كرتون'),
('2023-10-14', 'EMP014', 'جرد حبر أصفر'),
('2023-10-15', 'EMP015', 'جرد أقلام جاف'),
('2023-10-16', 'EMP016', 'جرد ورق جرائد'),
('2023-10-17', 'EMP017', 'جرد حبر بني'),
('2023-10-18', 'EMP018', 'جرد أقلام فلوماستر'),
('2023-10-19', 'EMP019', 'جرد ورق فوتو'),
('2023-10-20', 'EMP020', 'جرد حبر رمادي'),
('2023-10-21', 'EMP021', 'جرد أقلام تلوين'),
('2023-10-22', 'EMP022', 'جرد ورق رسم'),
('2023-10-23', 'EMP023', 'جرد حبر وردي'),
('2023-10-24', 'EMP024', 'جرد أقلام حبر جاف'),
('2023-10-25', 'EMP025', 'جرد ورق لاصق'),
('2023-10-26', 'EMP026', 'جرد حبر برتقالي'),
('2023-10-27', 'EMP027', 'جرد أقلام رصاص فنية'),
('2023-10-28', 'EMP028', 'جرد ورق مقوى'),
('2023-10-29', 'EMP029', 'جرد حبر بنفسجي'),
('2023-10-30', 'EMP030', 'جرد أقلام تخطيط فاخرة');
GO

---------------------------------
-- Insert into MachineStore Table
---------------------------------
INSERT INTO MachineStore (name, Activated) VALUES
(N'مخزن ماكينات الطباعة', 1),
(N'مخزن ماكينات القص', 1),
(N'مخزن ماكينات الحفر', 1),
(N'مخزن ماكينات اللحام', 1),
(N'مخزن ماكينات الخراطة', 1),
(N'مخزن ماكينات الطحن', 1),
(N'مخزن ماكينات الدرفلة', 1),
(N'مخزن ماكينات الفرم', 1),
(N'مخزن ماكينات النقش', 1),
(N'مخزن ماكينات التشكيل', 1),
(N'مخزن ماكينات الثني', 1),
(N'مخزن ماكينات اللحام بالليزر', 1),
(N'مخزن ماكينات القطع بالليزر', 1),
(N'مخزن ماكينات النجارة', 1),
(N'مخزن ماكينات الحفر بالليزر', 1),
(N'مخزن ماكينات التغليف', 1),
(N'مخزن ماكينات الكيماويات', 1),
(N'مخزن ماكينات الطلاء', 1),
(N'مخزن ماكينات التعبئة', 1),
(N'مخزن ماكينات الترقيم', 1),
(N'مخزن ماكينات الختم', 1),
(N'مخزن ماكينات الطحن الدقيق', 1),
(N'مخزن ماكينات القوالب', 1),
(N'مخزن ماكينات الخياطة', 1),
(N'مخزن ماكينات الخياطة الصناعية', 1),
(N'مخزن ماكينات اللحام المقاومة', 1),
(N'مخزن ماكينات القطع بالبلازما', 1),
(N'مخزن ماكينات النقش CNC', 1),
(N'مخزن ماكينات التحكم الرقمي', 1),
(N'مخزن ماكينات التجميع', 1);
GO

---------------------------------
-- Insert into SpareParts Table
---------------------------------

INSERT INTO SpareParts (name, totalBalance, quantity, price, reorderPoint, Activated) VALUES
(N'برغي M6',        250.00, 500,  0.50,  100.00, 1),
(N'مسمار M8',       360.00, 300,  1.20,   50.00, 1),
(N'غسالة مسطحة',    150.00, 200,  0.75,   40.00, 1),
(N'صمولة M10',      180.00, 120,  1.50,   30.00, 1),
(N'محمل كروي',      450.00,  90,  5.00,   20.00, 1),
(N'حزام ناقل',      600.00,  50, 12.00,   10.00, 1),
(N'فلتر هواء',      225.00,  45,  5.00,   15.00, 1),
(N'تروس أسنان',     540.00,  60,  9.00,   25.00, 1),
(N'وصلات قابلة للتوصيل',  320.00,  80,  4.00,   20.00, 1),
(N'عمود دوراني',    750.00,  50, 15.00,   10.00, 1),
(N'خرطوم هيدروليك', 400.00,  20, 20.00,    5.00, 1),
(N'ختم زيت',        120.00,  40,  3.00,   10.00, 1),
(N'صمام تحكم',     1200.00,  30, 40.00,    8.00, 1),
(N'زنبرك ضغط',     135.00,  27,  5.00,    5.00, 1),
(N'بكرة قيادة',     285.00,  15, 19.00,    5.00, 1),
(N'سلسلة نقل',      450.00,  50,  9.00,   10.00, 1),
(N'مسنن مقاوم',     360.00,  20, 18.00,    5.00, 1),
(N'حشية حرارية',    210.00,  70,  3.00,   20.00, 1),
(N'بطانة أسطوانية', 500.00, 100,  5.00,   30.00, 1),
(N'حساس حرارة',     375.00,  25, 15.00,    5.00, 1),
(N'مفتاح تشغيل',    240.00,  30,  8.00,   10.00, 1),
(N'صمام أمان',     1000.00,  20, 50.00,    5.00, 1),
(N'قاطع كهربائي',   180.00,  10, 18.00,    5.00, 1),
(N'مرحّل كهربائي',  360.00,  12, 30.00,    3.00, 1),
(N'موصل كهرباء',    150.00,  25,  6.00,    5.00, 1),
(N'مقاوم كهربائي',  125.00,  50,  2.50,   15.00, 1),
(N'مكثف كهربائي',   200.00,  40,  5.00,   10.00, 1),
(N'صمام بثّ',        540.00,  18, 30.00,    5.00, 1),
(N'مضخة زيت',     3000.00,  50, 60.00,   10.00, 1),
(N'مروحة تبريد',    360.00,  30, 12.00,    5.00, 1);
GO

---------------------------------
-- Insert into PerpetualRequisiteOrder Table
---------------------------------

INSERT INTO PerpetualRequisiteOrder (perpetualRequisiteDate, employeeID, requisiteNotes) VALUES
('2025-06-01', N'EMP001', N'طلب مستلزمات دورية لقسم الصيانة'),
('2025-06-02', N'EMP002', N'تجديد مواد تشحيم الآلات'),
('2025-06-03', N'EMP003', N'طلب أحزمة ناقل للقسم الهيدروليكي'),
('2025-06-04', N'EMP004', N'استبدال فلاتر الهواء الدورية'),
('2025-06-05', N'EMP005', N'توريد براغٍ وصواميل للخط الإنتاجي'),
('2025-06-06', N'EMP006', N'اطلب مستلزمات كهربائية صيانة دورية'),
('2025-06-07', N'EMP007', N'توريد خرطوم هيدروليك جديد'),
('2025-06-08', N'EMP008', N'طلب تروس مسننة للقسم الفني'),
('2025-06-09', N'EMP009', N'تجهيز حشيات زيت للمحركات'),
('2025-06-10', N'EMP010', N'توريد مضخات زيت دورية'),
('2025-06-11', N'EMP011', N'استبدال حساسات الحرارة المجدولة'),
('2025-06-12', N'EMP012', N'طلب بكرات قيادة وخيوط نقل'),
('2025-06-13', N'EMP013', N'توريد مفاتيح تشغيل ولوحات تحكم'),
('2025-06-14', N'EMP014', N'توفير مقاومات كهربائية للصيانة'),
('2025-05-15', N'EMP015', N'طلب مكثفات وصمامات أمان'),
('2025-05-16', N'EMP016', N'توريد حشوات حرارية للجهاز CNC'),
('2025-05-17', N'EMP017', N'استبدال جلب سحب الزيت'),
('2025-05-18', N'EMP018', N'طلب زنبركات ضغط للصمامات'),
('2025-05-19', N'EMP019', N'توريد مرشحات زيت دورية'),
('2025-05-20', N'EMP020', N'تجديد سلاسل نقل الحركة'),
('2025-05-21', N'EMP021', N'طلب وصلات كهربائية ومواسير'),
('2025-05-22', N'EMP022', N'توريد مفاصل هيدروليكية'),
('2025-05-23', N'EMP023', N'تجهيز عمود دوراني بديل'),
('2025-05-24', N'EMP024', N'استبدال أسطوانات هوائية'),
('2025-05-25', N'EMP025', N'توريد مضخات وقوابض دورية'),
('2025-05-26', N'EMP026', N'طلب عمود نقل دائري'),
('2025-05-27', N'EMP027', N'تزويد محامل كروية جديدة'),
('2025-05-28', N'EMP028', N'توريد عجلات قيادة بديلة'),
('2025-05-29', N'EMP029', N'طلب صواميل خاصة بالخط الساخن'),
('2025-05-30', N'EMP030', N'تجهيز قطع غيار للطابعة الصناعية');
GO


---------------------------------
-- Insert into QuantityBridge Table
---------------------------------
INSERT INTO QuantityBridge
   (price,
    returnID,
    purchaseID,
    quantity,
    numberOfUnits,      -- now explicitly set
    requisiteID,
    paperID,
    inkID,
    suppliesID,
    physicalCountID)
VALUES
   (250.00, 25, 25,  35,  35, 25, 25, 25, 25, 25),
   (260.00, 26, 26,  10,  10, 26, 26, 26, 26, 26),
   (270.00, 27, 27,  50,  50, 27, 27, 27, 27, 27),
   (280.00, 28, 28,  25,  25, 28, 28, 28, 28, 28),
   (290.00, 29, 29,  45,  45, 29, 29, 29, 29, 29),
   (300.00, 30, 30,  15,  15, 30, 30, 30, 30, 30),
   ( 10.00,  1,  1, 100, 100,  1,  1,  1,  1,  1),
   ( 20.00,  2,  2,  50,  50,  2,  2,  2,  2,  2),
   ( 30.00,  3,  3,  30,  30,  3,  3,  3,  3,  3),
   ( 40.00,  4,  4,  40,  40,  4,  4,  4,  4,  4),
   ( 50.00,  5,  5,  20,  20,  5,  5,  5,  5,  5),
   ( 60.00,  6,  6,  60,  60,  6,  6,  6,  6,  6),
   ( 70.00,  7,  7,  35,  35,  7,  7,  7,  7,  7),
   ( 80.00,  8,  8,  25,  25,  8,  8,  8,  8,  8),
   ( 90.00,  9,  9,  45,  45,  9,  9,  9,  9,  9),
   (100.00, 10, 10,  15,  15, 10, 10, 10, 10, 10),
   (110.00, 11, 11,  20,  20, 11, 11, 11, 11, 11),
   (120.00, 12, 12,  40,  40, 12, 12, 12, 12, 12),
   (130.00, 13, 13,  30,  30, 13, 13, 13, 13, 13),
   (140.00, 14, 14,  15,  15, 14, 14, 14, 14, 14),
   (150.00, 15, 15,  35,  35, 15, 15, 15, 15, 15),
   (160.00, 16, 16,  10,  10, 16, 16, 16, 16, 16),
   (170.00, 17, 17,  50,  50, 17, 17, 17, 17, 17),
   (180.00, 18, 18,  25,  25, 18, 18, 18, 18, 18),
   (190.00, 19, 19,  45,  45, 19, 19, 19, 19, 19),
   (200.00, 20, 20,  15,  15, 20, 20, 20, 20, 20),
   (210.00, 21, 21,  20,  20, 21, 21, 21, 21, 21),
   (220.00, 22, 22,  40,  40, 22, 22, 22, 22, 22),
   (230.00, 23, 23,  30,  30, 23, 23, 23, 23, 23),
   (240.00, 24, 24,  15,  15, 24, 24, 24, 24, 24);

GO


---------------------------------
-- Insert into ColorWeightSize Table
---------------------------------


INSERT INTO ColorWeightSize (type, size, weight, colored)
VALUES
(1, N'كبير', 15.75, N'أحمر'),
(0, N'صغير', 3.20, N'أزرق'),
(2, N'وسط', 8.45, N'أخضر'),
(1, N'XL', 22.10, N'أسود'),
(0, N'متوسط', 5.60, N'أبيض'),
(2, N'30x40', 12.80, N'ذهبي'),
(1, N'كبير جداً', 18.25, N'فضي'),
(0, N'صغير جداً', 1.75, N'برتقالي'),
(2, N'28 سم', 7.30, N'أرجواني'),
(1, N'L', 14.90, N'بني'),
(0, N'XS', 2.45, N'زهري'),
(2, N'50x70', 25.00, N'أصفر'),
(1, N'وسط', 9.15, N'رمادي'),
(0, N'40x60', 20.50, N'مرجاني'),
(2, N'متوسط', 6.75, N'تركواز'),
(1, N'كبير', 16.40, N'كريمي'),
(0, N'صغير', 3.90, N'بنفسجي'),
(2, N'S', 4.25, N'أحمر داكن'),
(1, N'25x35', 11.20, N'أخضر فاتح'),
(0, N'M', 5.00, N'أزرق سماوي');

---------------------------------
-- Insert into PaymentOrder Table
---------------------------------

INSERT INTO PaymentOrder (purchaseID, amount, paymentDate, employeeID, paymentNotes) VALUES
( 1, 3500.00, '2025-01-06', N'EMP001', N'دفع كامل قيمة الفاتورة عبر التحويل البنكي'),
( 2, 2500.00, '2025-01-13', N'EMP002', N'دفع عبر بطاقة الائتمان'),
( 3, 1500.00, '2025-01-21', N'EMP003', N'دفعة أولى، الباقي مستحق لاحقاً'),
( 4, 3000.00, '2025-02-04', N'EMP004', N'دفع كامل مع خصم الدفعة المبكرة'),
( 5, 1250.00, '2025-02-16', N'EMP005', N'دفعة جزئية عن قطع الصيانة'),
( 6, 1800.00, '2025-02-23', N'EMP006', N'دفع عبر نظام الفوترة الإلكترونية'),
( 7, 2800.00, '2025-03-02', N'EMP007', N'دفعة أولى من دفعات شهرية'),
( 8, 3200.00, '2025-03-09', N'EMP008', N'دفع كامل بعد الفحص والاستلام'),
( 9, 1550.00, '2025-03-16', N'EMP009', N'تذكير بالدفعة المتأخرة ثم السداد'),
(10, 4000.00, '2025-03-24', N'EMP010', N'دفع مباشر من حساب المورد'),
(11, 2000.00, '2025-04-03', N'EMP011', N'دفعة أولى ضمن اتفاقية التقسيط'),
(12, 2750.00, '2025-04-11', N'EMP012', N'دفع كامل بعد استلام البضاعة'),
(13, 1700.00, '2025-04-19', N'EMP013', N'دفعة تحضيرية لتكاليف الشحن'),
(14, 3100.00, '2025-04-26', N'EMP014', N'دفع نقدي عند الاستلام'),
(15, 2400.00, '2025-05-04', N'EMP015', N'دفعة أولى، الباقي مع التسليم'),
(16, 2600.00, '2025-05-12', N'EMP016', N'دفع عبر الدفع الإلكتروني السريع'),
(17, 2250.00, '2025-05-20', N'EMP017', N'خصم رسوم التأخير واعتماد الدفعة'),
(18, 2900.00, '2025-05-28', N'EMP018', N'سداد كامل لطلب الشراء'),
(19, 2150.00, '2025-06-03', N'EMP019', N'دفعة مقدمة قبل التصنيع'),
(20, 3300.00, '2025-06-08', N'EMP020', N'دفع شامل شامل ضريبة القيمة المضافة'),
(21, 2400.00, '2025-06-10', N'EMP021', N'دفعة جزئية لمستلزمات إضافية'),
(22, 2800.00, '2025-06-11', N'EMP022', N'دفع كامل قبل الإغلاق المحاسبي'),
(23, 2200.00, '2025-06-11', N'EMP023', N'دفع بعد مراجعة الفاتورة واعتمادها'),
(24, 3500.00, '2025-05-31', N'EMP024', N'دفعة سنوية مع خصم تعاقدي'),
(25, 2450.00, '2025-05-26', N'EMP025', N'دفعة إضافية لقطع الغيار'),
(26, 2700.00, '2025-05-21', N'EMP026', N'سداد عبر الفواتير الإلكترونية الحكومية'),
(27, 2350.00, '2025-05-16', N'EMP027', N'دفع بعد اعتماد ترجمة المستندات'),
(28, 3000.00, '2025-05-11', N'EMP028', N'سداد كامل مقابل الخدمة الشاملة'),
(29, 2050.00, '2025-05-06', N'EMP029', N'دفعة مقدمة خاصة بمشروع جديد'),
(30, 3600.00, '2025-05-01', N'EMP030', N'سداد كامل مع استلام شهادة الجودة');

---------------------------------
-- Insert into RecieptsOrder Table
---------------------------------

INSERT INTO RecieptsOrder (jobOrderID, amount, receiptDate, employeeID, receiptNotes) VALUES
(1, 1500.00, '2025-06-01', N'EMP012', N'تم استلام الدفعة الأولى'),
(2, 2500.75, '2025-06-02', N'EMP035', N'دفعة جزئية حسب الفاتورة رقم 2'),
(3,  500.00, '2025-06-03', N'EMP021', N'دفع عبر التحويل البنكي'),
(4, 3000.00, '2025-06-04', N'EMP047', N'اكتملت عملية الاستلام'),
(5,  750.50, '2025-06-05', N'EMP060', N'استلام دفعة تأمين'),
(6,  480.25, '2025-06-06', N'EMP001', N'دفعة نقدية'),
(7, 1250.00, '2025-06-07', N'EMP008', N'تم استلام جزء من المبلغ'),
(8,  670.40, '2025-06-08', N'EMP019', N'دفع عبر بطاقة الائتمان'),
(9,  980.00, '2025-06-09', N'EMP055', N'استلام وفق جدول الدفع'),
(10, 150.00, '2025-06-10', N'EMP030', N'دفعة رسوم الخدمات'),
(11,2200.00, '2025-06-11', N'EMP044', N'مدفوعات إضافية'),
(12,1340.60, '2025-06-12', N'EMP027', N'تم الدفع بالكامل'),
(13, 875.00, '2025-06-13', N'EMP013', N'دفعة عبر الشيك'),
(14,1900.90, '2025-06-14', N'EMP052', N'استلام دفعة مقدمة'),
(15,2950.00, '2025-05-15', N'EMP039', N'دفعة جزئية للفترة السابقة'),
(16,4100.00, '2025-05-16', N'EMP022', N'دفع إلكتروني'),
(17, 720.75, '2025-05-17', N'EMP017', N'دفعة نقدية للوحدة 17'),
(18, 830.30, '2025-05-18', N'EMP049', N'تم التسديد جزئياً'),
(19, 125.00, '2025-05-19', N'EMP003', N'دفعة رسوم إضافية'),
(20, 560.50, '2025-05-20', N'EMP028', N'دفع عبر المحفظة الإلكترونية'),
(21,2100.00, '2025-05-21', N'EMP041', N'استلام كامل المبلغ'),
(22,3333.33, '2025-05-22', N'EMP015', N'دفعة غير قابلة للاسترداد'),
(23, 450.00, '2025-05-23', N'EMP038', N'دفعة جزئية'),
(24, 290.90, '2025-05-24', N'EMP050', N'دفع نقدي'),
(25,1780.00, '2025-05-25', N'EMP006', N'دفعة مسبقة'),
(26, 640.25, '2025-05-26', N'EMP011', N'دفعة نهائية'),
(27, 970.00, '2025-05-27', N'EMP048', N'تم الدفعة عبر الشيك'),
(28, 840.80, '2025-05-28', N'EMP031', N'دفع بنكي'),
(29,1120.00, '2025-05-29', N'EMP057', N'دفعة نقدية'),
(30,2000.00, '2025-05-30', N'EMP024', N'استلام نهائي');
