USE ThothSystem;
GO
  
-- refaat from 0 to 30

---------------------------------
-- Insert into Customer Table
---------------------------------
INSERT INTO Customer (customerName, customerAddress, customerEmail, customerNotes, customerPhone)
VALUES
('علي أحمد', 'شارع النخيل، الرياض', 'ali.ahmed@example.com', 'عميل منتظم', '0501234567'),
('فاطمة محمد', 'حي السلام، جدة', 'fatima.mohamed@example.com', 'تفضل الدفع نقداً', '0551234567'),
('خالد سعيد', 'حي الروضة، الدمام', 'khaled.saeed@example.com', 'يطلب خصم 10%', '0561234567'),
('ليلى عبدالله', 'شارع الملك فهد، الرياض', 'layla.abdullah@example.com', 'تفضل التواصل عبر البريد الإلكتروني', '0571234567'),
('محمد حسن', 'حي العليا، الرياض', 'mohamed.hassan@example.com', 'يطلب فواتير إلكترونية', '0581234567'),
('نورة خالد', 'شارع التحلية، جدة', 'noura.khaled@example.com', 'تفضل التوصيل السريع', '0591234567'),
('سعيد علي', 'حي السليمانية، الرياض', 'saeed.ali@example.com', 'يطلب خصم 15%', '0511234567'),
('أحمد محمود', 'شارع العليا، الرياض', 'ahmed.mahmoud@example.com', 'عميل جديد', '0521234567'),
('منى عبدالرحمن', 'حي النزهة، جدة', 'mona.abdelrahman@example.com', 'تفضل الدفع بالبطاقة', '0531234567'),
('عبدالله سليمان', 'شارع الملك عبدالعزيز، الرياض', 'abdullah.sulaiman@example.com', 'يطلب فواتير ورقية', '0541234567'),
('هناء فؤاد', 'حي الرحمانية، جدة', 'hanna.fouad@example.com', 'تفضل التوصيل في المساء', '0552234567'),
('ياسر ناصر', 'شارع الثلاثين، الرياض', 'yasser.nasser@example.com', 'يطلب خصم 5%', '0562234567'),
('سارة خالد', 'حي المروج، الرياض', 'sara.khaled@example.com', 'تفضل التواصل عبر الهاتف', '0572234567'),
('عمر محمد', 'شارع الملك سلمان، الدمام', 'omar.mohamed@example.com', 'عميل منتظم', '0582234567'),
('مريم علي', 'حي النور، جدة', 'maryam.ali@example.com', 'تفضل الدفع نقداً', '0592234567'),
('فهد عبدالعزيز', 'شارع العروبة، الرياض', 'fahad.abdulaziz@example.com', 'يطلب خصم 10%', '0512234567'),
('ناصر سعد', 'حي الورود، الرياض', 'nasser.saad@example.com', 'تفضل التوصيل السريع', '0522234567'),
('لطيفة أحمد', 'شارع الخليج، جدة', 'latifa.ahmed@example.com', 'تفضل التواصل عبر البريد الإلكتروني', '0532234567'),
('عبدالرحمن خالد', 'حي الربيع، الرياض', 'abdelrahman.khaled@example.com', 'يطلب فواتير إلكترونية', '0542234567'),
('ريم فهد', 'شارع الملك فيصل، الدمام', 'reem.fahad@example.com', 'تفضل الدفع بالبطاقة', '0553234567'),
('سعد علي', 'حي الصفا، جدة', 'saad.ali@example.com', 'يطلب خصم 15%', '0563234567'),
('أمل سعيد', 'شارع الستين، الرياض', 'amal.saeed@example.com', 'تفضل التوصيل في المساء', '0573234567'),
('عبدالعزيز محمد', 'حي النخيل، الرياض', 'abdulaziz.mohamed@example.com', 'عميل جديد', '0583234567'),
('هند خالد', 'شارع التحلية، جدة', 'hind.khaled@example.com', 'تفضل الدفع نقداً', '0593234567'),
('فارس ناصر', 'حي السلام، الرياض', 'faris.nasser@example.com', 'يطلب خصم 10%', '0513234567'),
('شهد علي', 'شارع الملك فهد، الدمام', 'shahd.ali@example.com', 'تفضل التواصل عبر الهاتف', '0523234567'),
('نواف سعد', 'حي الروضة، الرياض', 'nawaf.saad@example.com', 'تفضل التوصيل السريع', '0533234567'),
('سلمى أحمد', 'شارع العليا، جدة', 'salma.ahmed@example.com', 'تفضل الدفع بالبطاقة', '0543234567'),
('تركي محمد', 'حي السليمانية، الرياض', 'turki.mohamed@example.com', 'يطلب فواتير ورقية', '0554234567'),
('جواهر عبدالله', 'شارع الملك عبدالعزيز، جدة', 'jawaher.abdullah@example.com', 'تفضل التواصل عبر البريد الإلكتروني', '0564234567');
GO
-- batch 2

-- إدراج 30 سجلًا في جدول Customer ببيانات واقعية باللغة العربية
INSERT INTO Customer (customerName, customerAddress, customerEmail, customerNotes, customerPhone, customerSource, Activated) VALUES
(N'شركة المستقبل للطباعة',       N'القاهرة، مدينة نصر، شارع النصر 12',          N'info@almustaqbal.com',      N'عميل رئيسي منذ 2023',      N'01012345678', N'معرض صناعي',     1),
(N'مؤسسة النخبة للدعاية',       N'الجيزة، المهندسين، شارع التحرير 45',         N'contact@elnokhba.com',      N'طلب مطبوعات شهرية',        N'01023456789', N'زيارة ميدانية',  1),
(N'شركة الأهرام الحديثة',        N'القاهرة، الزمالك، شارع أبو الفدا 10',        N'zmlk@alahram.com',          N'عمل لطباعة الكتالوج',      N'01034567890', N'هاتف',           1),
(N'مركز القاهرة للتصوير',        N'القاهرة، مدينة الشروق، شارع الجامعة 5',      N'cairophoto@service.com',    N'خدمة تصوير مستندات',       N'01045678901', N'موقع إلكتروني',1),
(N'مجموعة الإبداع الفني',       N'القاهرة، المعادي، كوبري المشاة 3',           N'creative@artgroup.com',     N'طباعة دعوات زفاف',         N'01056789012', N'زيارة عميل',    1),
(N'شركة الشرق الأوسط',           N'الجيزة، كرداسة، شارع الصناعة 20',            N'mideast@print.com',         N'طباعة لافتات كبيرة',       N'01067890123', N'بريد إلكتروني',0),
(N'مؤسسة العلوم الصحية',        N'القاهرة، حي المعادي، شارع 9 77',             N'health@scientific.org',     N'كتالوج معدات طبية',         N'01078901234', N'هاتف',           1),
(N'شركة روز للطباعة',            N'القاهرة، مدينة نصر، شارع عباس العقاد 88',   N'roseprint@mail.com',        N'طباعة بطاقات دعوة',        N'01089012345', N'معرض صناعي',     1),
(N'مؤسسة التقنية الذكية',        N'الجيزة، المهندسين، شارع جامعة الدول 33',     N'smarttech@egy.com',         N'مطبوعات ترويجية',           N'01090123456', N'موقع إلكتروني',1),
(N'شركة الورق الأمثل',           N'القاهرة، مدينة 6 أكتوبر، شارع الهرم 100',   N'optimalpaper@print.com',    N'توريد ورق متخصص',          N'01101234567', N'هاتف',           1),
(N'مجموعة الجيزة التجارية',      N'الجيزة، الهرم، شارع الأصدقاء 12',            N'gjiza@trade.org',           N'طباعة كتالوجات',           N'01112345678', N'زيارة عميل',    1),
(N'مركز النيل للدعاية',          N'القاهرة، المعادي، شارع 12 عمارات النيل',    N'nilepromo@service.com',     N'إعلانات داخلية',            N'01123456789', N'بريد إلكتروني',1),
(N'شركة النيل للأوراق',          N'القاهرة، الزمالك، شارع النيل 25',            N'nilepaper@egypt.com',       N'طلبات أوراق خاصة',         N'01134567890', N'هاتف',           1),
(N'مؤسسة الفن الراقي',           N'الجيزة، المهندسين، شارع جامعة القاهرة 77',   N'fineart@creative.com',      N'طباعة لوحات فنية',         N'01145678901', N'معرض صناعي',     1),
(N'شركة الفجر الذهبي',           N'القاهرة، مدينة نصر، شارع النصر 3',          N'goldenfajr@print.com',      N'طباعة بروشورات',           N'01156789012', N'زيارة عميل',    1),
(N'مركز القاهرة للأفلام',        N'القاهرة، المعادي، شارع 15',                  N'cairofilms@media.com',      N'فيلم ترويج للمؤسسة',        N'01167890123', N'موقع إلكتروني',1),
(N'شركة براعم الريادة',          N'القاهرة، مدينة الشروق، شارع الرياضة 10',    N'braaem@startups.com',       N'مواد دعائية لمؤتمر',        N'01178901234', N'هاتف',           1),
(N'مؤسسة ألوان الحياة',         N'الجيزة، السادس من أكتوبر، شارع التسعين 5',   N'lifecolors@print.org',      N'طباعة مجلة داخلية',         N'01189012345', N'زيارة عميل',    1),
(N'شركة القمة للطباعة',          N'القاهرة، الزمالك، شارع 26 يوليو 14',         N'summit@print.com',          N'طباعة شهادات تقدير',        N'01201234567', N'معرض صناعي',     1),
(N'مجموعة الشرق للطباعة',        N'القاهرة، مدينة نصر، شارع النصر 55',         N'eastgroup@print.com',       N'كتالوجات دعائية',           N'01212345678', N'بريد إلكتروني',1),
(N'مؤسسة الأفق للإعلان',         N'الجيزة، المهندسين، شارع التحرير 29',         N'horizon@ads.com',           N'لوحات دعائية خارجية',       N'01223456789', N'هاتف',           1),
(N'شركة الندى للورق',            N'القاهرة، المعادي، شارع 1 11',               N'dewpaper@egypt.com',        N'توريد ورق ملون',            N'01234567890', N'زيارة عميل',    1),
(N'مركز تقنية المستقبل',         N'الجيزة، المهندسين، شارع جامعة الدول 90',    N'futuretech@egy.com',        N'مواد تقنية للطباعة الرقمية',N'01245678901', N'معرض صناعي',     1),
(N'شركة الوحدة للطباعة',         N'القاهرة، الزمالك، شارع 30',                  N'unity@print.com',           N'مجلة إعلانية موسمية',       N'01256789012', N'موقع إلكتروني',1),
(N'مؤسسة المياه الزرقاء',        N'القاهرة، مدينة نصر، شارع الزرقاء 22',       N'bluewater@service.com',     N'طباعة كتيبات تعليمية',      N'01267890123', N'هاتف',           1),
(N'شركة الألوان المتجددة',       N'الجيزة، السادس من أكتوبر، شارع السوق 7',    N'renewcolors@print.org',     N'بروشورات إعلانية',          N'01278901234', N'زيارة عميل',    1),
(N'مركز العبقري للفنون',         N'القاهرة، المعادي، شارع العبقري 18',         N'genius@artcenter.com',      N'طباعة كتب فنية',           N'01289012345', N'معرض صناعي',     1),
(N'شركة الحرفيين للطباعة',       N'القاهرة، الزمالك، شارع الحرفيين 9',         N'artisans@print.com',        N'أطقم بطاقات دعوة',          N'01301234567', N'هاتف',           1),
(N'مجموعة الكمال للطباعة',       N'القاهرة، مدينة نصر، شارع الكمال 31',        N'kamalgroup@print.com',      N'كتالوجات إعلانية',           N'01312345678', N'بريد إلكتروني',1);


---------------------------------
-- Insert into Vendor Table
---------------------------------
INSERT INTO Vendor (vendorName, vendorAddress, vendorEmail, vendorNotes, vendorPhone)
VALUES
('شركة الأوراق المحدودة', 'شارع الصناعية، الرياض', 'alawraq@example.com', 'مورد ورق', '0502345678'),
('شركة الأحبار العربية', 'حي النهضة، جدة', 'alahbar@example.com', 'مورد أحبار', '0552345678'),
('شركة الأدوات المكتبية', 'شارع الخليج، الدمام', 'aladawat@example.com', 'مورد أدوات مكتبية', '0562345678'),
('شركة التغليف الحديث', 'حي العليا، الرياض', 'altaghleef@example.com', 'مورد مواد تغليف', '0572345678'),
('شركة الطباعة السريعة', 'شارع الملك فهد، جدة', 'altibaa@example.com', 'مورد خدمات طباعة', '0582345678'),
('شركة الألوان الزاهية', 'حي الروضة، الرياض', 'alwan@example.com', 'مورد ألوان', '0592345678'),
('شركة الأجهزة المكتبية', 'شارع التحلية، الدمام', 'alajhiza@example.com', 'مورد أجهزة مكتبية', '0512345678'),
('شركة الأوراق البيضاء', 'حي السليمانية، الرياض', 'alwaraq@example.com', 'مورد ورق أبيض', '0522345678'),
('شركة الأحبار الملونة', 'شارع الملك عبدالعزيز، جدة', 'alahbar_m@example.com', 'مورد أحبار ملونة', '0532345678'),
('شركة الأدوات الفنية', 'حي النزهة، الرياض', 'aladawat_f@example.com', 'مورد أدوات فنية', '0542345678'),
('شركة التغليف الذهبي', 'شارع العروبة، الدمام', 'altaghleef_z@example.com', 'مورد مواد تغليف ذهبية', '0553345678'),
('شركة الطباعة الفاخرة', 'حي الصفا، جدة', 'altibaa_f@example.com', 'مورد خدمات طباعة فاخرة', '0563345678'),
('شركة الألوان الطبيعية', 'شارع الثلاثين، الرياض', 'alwan_t@example.com', 'مورد ألوان طبيعية', '0573345678'),
('شركة الأجهزة الحديثة', 'حي المروج، الدمام', 'alajhiza_h@example.com', 'مورد أجهزة حديثة', '0583345678'),
('شركة الأوراق الملونة', 'شارع الملك سلمان، جدة', 'alwaraq_m@example.com', 'مورد ورق ملون', '0593345678'),
('شركة الأحبار السوداء', 'حي النور، الرياض', 'alahbar_s@example.com', 'مورد أحبار سوداء', '0513345678'),
('شركة الأدوات الإبداعية', 'شارع الخليج، الدمام', 'aladawat_e@example.com', 'مورد أدوات إبداعية', '0523345678'),
('شركة التغليف الفضي', 'حي الربيع، جدة', 'altaghleef_s@example.com', 'مورد مواد تغليف فضية', '0533345678'),
('شركة الطباعة السريعة', 'شارع الملك فيصل، الرياض', 'altibaa_s@example.com', 'مورد خدمات طباعة سريعة', '0543345678'),
('شركة الألوان الزاهية', 'حي الصفا، الدمام', 'alwan_z@example.com', 'مورد ألوان زاهية', '0554345678'),
('شركة الأجهزة المكتبية', 'شارع التحلية، جدة', 'alajhiza_m@example.com', 'مورد أجهزة مكتبية', '0564345678'),
('شركة الأوراق البيضاء', 'حي الروضة، الرياض', 'alwaraq_b@example.com', 'مورد ورق أبيض', '0574345678'),
('شركة الأحبار الملونة', 'شارع الملك عبدالعزيز، الدمام', 'alahbar_m2@example.com', 'مورد أحبار ملونة', '0584345678'),
('شركة الأدوات الفنية', 'حي النزهة، جدة', 'aladawat_f2@example.com', 'مورد أدوات فنية', '0594345678'),
('شركة التغليف الذهبي', 'شارع العروبة، الرياض', 'altaghleef_z2@example.com', 'مورد مواد تغليف ذهبية', '0514345678'),
('شركة الطباعة الفاخرة', 'حي الصفا، الدمام', 'altibaa_f2@example.com', 'مورد خدمات طباعة فاخرة', '0524345678'),
('شركة الألوان الطبيعية', 'شارع الثلاثين، جدة', 'alwan_t2@example.com', 'مورد ألوان طبيعية', '0534345678'),
('شركة الأجهزة الحديثة', 'حي المروج، الرياض', 'alajhiza_h2@example.com', 'مورد أجهزة حديثة', '0544345678'),
('شركة الأوراق الملونة', 'شارع الملك سلمان، الدمام', 'alwaraq_m2@example.com', 'مورد ورق ملون', '0555345678'),
('شركة الأحبار السوداء', 'حي النور، جدة', 'alahbar_s2@example.com', 'مورد أحبار سوداء', '0565345678');
GO

-- batch 2

INSERT INTO Vendor (vendorName, vendorAddress, vendorEmail, vendorNotes, vendorPhone, Activated)
VALUES
(N'الشركة السعودية للإمدادات', N'الرياض - حي العليا - شارع الملك فهد', 'supplies@alsaudia.com', N'مورد رئيسي للمواد المكتبية والقرطاسية', '0112345678', 1),
(N'مؤسسة التقنية المتقدمة', N'جدة - حي الصفا - شارع الأمير سلطان', 'tech@advanced-tech.sa', N'متخصصون في الأجهزة الإلكترونية والحلول الرقمية', '0123456789', 1),
(N'شركة البناء الحديث', N'الدمام - حي الراكة - طريق الملك عبدالله', 'info@modernbuilding.com', N'مواد بناء ومستلزمات إنشائية بجودة عالية', '0134567890', 1),
(N'مصنع الأثاث الخليجي', N'الخبر - حي الحزام الذهبي - شارع الأمير محمد', 'furniture@gulf-factory.com', N'أثاث مكتبي ومفروشات فاخرة بتصاميم عصرية', '0145678901', 1),
(N'شركة الإضاءة المتميزة', N'الرياض - حي النخيل - شارع العروبة', 'lighting@almtamayza.com', N'أنظمة إضاءة مبتكرة للمكاتب والمساحات التجارية', '0156789012', 0),
(N'مؤسسة الورق العربية', N'جدة - حي الشرفية - شارع التحلية', 'paper@arabicpaper.com', N'ورق طباعة ومستلزمات مستودعات الوثائق', '0167890123', 1),
(N'شركة التقنيات الأمنية', N'الدمام - حي البادية - شارع الملك فيصل', 'security@tech-solutions.com', N'أنظمة مراقبة وأجهزة حماية متكاملة', '0178901234', 1),
(N'موردو المواد الكيميائية', N'الخبر - حي الجوهرة - شارع الأمير سعود', 'chem@chemical-suppliers.com', N'مواد تنظيف وصيانة صناعية بمواصفات عالمية', '0189012345', 1),
(N'شركة المعدات الصناعية', N'الرياض - حي السليمانية - شارع الثلاثين', 'equipment@industrial-gear.com', N'معدات وآلات للورش والمصانع بكافة أنواعها', '0190123456', 1),
(N'مؤسسة النقل السريع', N'جدة - حي الكندرة - شارع صاري', 'shipping@fast-transport.com', N'خدمات شحن وتوصيل لجميع أنحاء المملكة', '0111234567', 0),
(N'شركة التقنية للاتصالات', N'الدمام - حي الشاطئ - شارع الكورنيش', 'comms@tech-comm.com', N'أجهزة اتصالات وحلول شبكات متكاملة', '0122345678', 1),
(N'مصنع البلاستيك الوطني', N'الخبر - حي الرابية - شارع الملك خالد', 'plastic@national-plastic.com', N'منتجات بلاستيكية للتغليف والتخزين', '0133456789', 1),
(N'شركة الأدوات الصحية', N'الرياض - حي العريجاء - شارع الإمام محمد', 'sanitary@health-tools.com', N'مستلزمات صحية وسباكة لمشاريع البناء', '0144567890', 1),
(N'مؤسسة الأمن والسلامة', N'جدة - حي الاندلس - شارع الأمير ماجد', 'safety@security-foundation.com', N'معدات السلامة المهنية وأجهزة الإطفاء', '0155678901', 1),
(N'شركة الزجاج المتطور', N'الدمام - حي الريان - شارع الأمير نايف', 'glass@advanced-glass.com', N'زجاج مقسى وواجهات زجاجية للمباني', '0166789012', 0),
(N'موردو مواد البناء المتكاملة', N'الخبر - حي الحمراء - شارع الأمير تركي', 'building@integrated-supply.com', N'جميع مواد البناء من مصدر واحد', '0177890123', 1),
(N'شركة أنظمة التبريد', N'الرياض - حي الورود - شارع الستين', 'cooling@cool-systems.com', N'أنظمة تكييف مركزي وتبريد صناعي', '0188901234', 1),
(N'مصنع الدهانات الوطنية', N'جدة - حي النزلة - شارع الأمير عبدالمجيد', 'paint@national-paints.com', N'دهانات عالية الجودة بجميع الألوان', '0199012345', 1),
(N'شركة الكابلات الكهربائية', N'الدمام - حي الفيصلية - شارع الأمير فهد', 'cables@electric-cables.com', N'كابلات وأسلاك كهربائية بمواصفات عالمية', '0110123456', 1),
(N'مؤسسة المعدات الطبية', N'الخبر - حي الربوة - شارع الملك سلمان', 'medical@med-equipment.com', N'أجهزة ومستلزمات طبية للمستشفيات والعيادات', '0121234567', 1);

INSERT INTO Vendor (vendorName, vendorAddress, vendorEmail, vendorNotes, vendorPhone, Activated)
VALUES
(N'شركة مواد العزل الحرارية', N'الرياض - حي الصحافة - شارع العليا العام', 'insulation@thermal-tech.com', N'مواد عزل حراري وصوتي لمشاريع البناء', '0112233445', 1),
(N'مؤسسة الأثاث المعدني', N'جدة - حي الجامعة - شارع الأمير مشعل', 'metal@steel-furniture.com', N'أثاث معدني للحدائق والمدارس والمستشفيات', '0123344556', 0),
(N'شركة أنظمة الطاقة الشمسية', N'الدمام - حي الشاطئ - شارع الكورنيش 45', 'solar@power-systems.com', N'أنظمة طاقة شمسية متكاملة للمنازل والمصانع', '0134455667', 1),
(N'مصنع الكابلات المتخصصة', N'الخبر - حي الجسر - شارع الملك عبدالعزيز', 'cables@specialized-wires.com', N'كابلات متخصصة للصناعات النفطية والكهربائية', '0145566778', 1),
(N'شركة المواد الغذائية الأساسية', N'الرياض - حي الازدهار - شارع الستين الجنوبي', 'food@basic-supplies.com', N'مواد غذائية للمطاعم والمستشفيات والمدارس', '0156677889', 1),
(N'مؤسسة أدوات التجميل', N'جدة - حي الروضة - شارع التحلية 22', 'beauty@cosmetic-tools.com', N'أدوات تجميل وصالونات بجودة أوروبية', '0167788990', 0),
(N'شركة نظم المعلومات', N'الدمام - حي العدامة - شارع الأمير ناصر', 'it@infosystems.com', N'حلول برمجية وأنظمة إدارة للمؤسسات', '0178899001', 1),
(N'مصنع الخشب المركب', N'الخبر - حي الراكة - شارع الملك فهد 15', 'wood@composite-lumber.com', N'ألواح خشبية مركبة مقاومة للعوامل الجوية', '0189900112', 1),
(N'شركة معدات السلامة البحرية', N'جدة - حي الميناء - شارع الميناء الرئيسي', 'marine@sea-safety.com', N'معدات سلامة بحرية للسفن والمنصات النفطية', '0190011223', 1),
(N'مؤسسة التعبئة الذكية', N'الرياض - حي النفل - شارع الإمام مسلم', 'packaging@smart-pack.com', N'مواد تعبئة ذكية قابلة للتتبع والتعديل', '0111122334', 0);
---------------------------------
-- Insert into Employee Table
---------------------------------
INSERT INTO Employee (employeeID, employeeUserName, employeePassword, employeeName, jobRole)
VALUES
('EMP001', 'admin', '5sqxH4KfcW9zCLTad25FHQk5X+OTyjOdy5D3gGnYzx92RUjH4+Y9jFvhZbESSpil', 'علي أحمد', 0),
('EMP002', 'fatima_mohamed', '5sqxH4KfcW9zCLTad25FHQk5X+OTyjOdy5D3gGnYzx92RUjH4+Y9jFvhZbESSpil', 'فاطمة محمد', 0),
('EMP003', 'khaled_saeed', '5sqxH4KfcW9zCLTad25FHQk5X+OTyjOdy5D3gGnYzx92RUjH4+Y9jFvhZbESSpil', 'خالد سعيد', 1),
('EMP004', 'layla_abdullah', '5sqxH4KfcW9zCLTad25FHQk5X+OTyjOdy5D3gGnYzx92RUjH4+Y9jFvhZbESSpil', 'ليلى عبدالله', 2),
('EMP005', 'mohamed_hassan', '5sqxH4KfcW9zCLTad25FHQk5X+OTyjOdy5D3gGnYzx92RUjH4+Y9jFvhZbESSpil', 'محمد حسن', 3),
('EMP006', 'noura_khaled', '5sqxH4KfcW9zCLTad25FHQk5X+OTyjOdy5D3gGnYzx92RUjH4+Y9jFvhZbESSpil', 'نورة خالد', 4),
('EMP007', 'saeed_ali', '5sqxH4KfcW9zCLTad25FHQk5X+OTyjOdy5D3gGnYzx92RUjH4+Y9jFvhZbESSpil', 'سعيد علي', 5),
('EMP008', 'ahmed_mahmoud', '5sqxH4KfcW9zCLTad25FHQk5X+OTyjOdy5D3gGnYzx92RUjH4+Y9jFvhZbESSpil', 'أحمد محمود', 6),
('EMP009', 'mona_abdelrahman', '5sqxH4KfcW9zCLTad25FHQk5X+OTyjOdy5D3gGnYzx92RUjH4+Y9jFvhZbESSpil', 'منى عبدالرحمن', 7),
('EMP010', 'abdullah_sulaiman', '5sqxH4KfcW9zCLTad25FHQk5X+OTyjOdy5D3gGnYzx92RUjH4+Y9jFvhZbESSpil', 'عبدالله سليمان', 8),
('EMP011', 'hanna_fouad', '5sqxH4KfcW9zCLTad25FHQk5X+OTyjOdy5D3gGnYzx92RUjH4+Y9jFvhZbESSpil', 'هناء فؤاد', 2),
('EMP012', 'yasser_nasser', '5sqxH4KfcW9zCLTad25FHQk5X+OTyjOdy5D3gGnYzx92RUjH4+Y9jFvhZbESSpil', 'ياسر ناصر', 3),
('EMP013', 'sara_khaled', '5sqxH4KfcW9zCLTad25FHQk5X+OTyjOdy5D3gGnYzx92RUjH4+Y9jFvhZbESSpil', 'سارة خالد', 1),
('EMP014', 'omar_mohamed', '5sqxH4KfcW9zCLTad25FHQk5X+OTyjOdy5D3gGnYzx92RUjH4+Y9jFvhZbESSpil', 'عمر محمد', 2),
('EMP015', 'maryam_ali', '5sqxH4KfcW9zCLTad25FHQk5X+OTyjOdy5D3gGnYzx92RUjH4+Y9jFvhZbESSpil', 'مريم علي', 3),
('EMP016', 'fahad_abdulaziz', '5sqxH4KfcW9zCLTad25FHQk5X+OTyjOdy5D3gGnYzx92RUjH4+Y9jFvhZbESSpil', 'فهد عبدالعزيز', 1),
('EMP017', 'nasser_saad', 'password123', 'ناصر سعد', 2),
('EMP018', 'latifa_ahmed', 'password123', 'لطيفة أحمد', 3),
('EMP019', 'abdelrahman_khaled', 'password123', 'عبدالرحمن خالد', 1),
('EMP020', 'reem_fahad', 'password123', 'ريم فهد', 2),
('EMP021', 'saad_ali', 'password123', 'سعد علي', 3),
('EMP022', 'amal_saeed', 'password123', 'أمل سعيد', 1),
('EMP023', 'abdulaziz_mohamed', 'password123', 'عبدالعزيز محمد', 2),
('EMP024', 'hind_khaled', 'password123', 'هند خالد', 3),
('EMP025', 'faris_nasser', 'password123', 'فارس ناصر', 1),
('EMP026', 'shahd_ali', 'password123', 'شهد علي', 2),
('EMP027', 'nawaf_saad', 'password123', 'نواف سعد', 3),
('EMP028', 'salma_ahmed', 'password123', 'سلمى أحمد', 1),
('EMP029', 'turki_mohamed', 'password123', 'تركي محمد', 2),
('EMP030', 'jawaher_abdullah', 'password123', 'جواهر عبدالله', 3);
GO

-- batch 2

-- إدراج 30 سجلًا في جدول Employee ببيانات واقعية باللغة العربية
INSERT INTO Employee (
    employeeID,
    employeeUserName,
    employeePassword,
    employeeName,
    jobRole,
    forgetpassword,
    Activated
) VALUES
(N'EMP031', N'ahmed.ali31',           N'Pass@031', N'أحمد علي',           1, 0, 1),
(N'EMP032', N'moh.hassan32',          N'Pass@032', N'محمد حسن',         2, 0, 1),
(N'EMP033', N'moh.ahmed33',           N'Pass@033', N'محمد أحمد',         3, 0, 1),
(N'EMP034', N'fat.mahmoud34',         N'Pass@034', N'فاطمة محمود',       4, 0, 1),
(N'EMP035', N'sara.yousif35',         N'Pass@035', N'سارة يوسف',         5, 1, 1),
(N'EMP036', N'khaled.mahmoud36',      N'Pass@036', N'خالد محمود',        1, 0, 1),
(N'EMP037', N'mona.ibrahim37',        N'Pass@037', N'منى إبراهيم',       2, 0, 1),
(N'EMP038', N'ahmed.jamal38',         N'Pass@038', N'أحمد جمال',         3, 0, 1),
(N'EMP039', N'youssef.saeed39',       N'Pass@039', N'يوسف سعيد',         4, 0, 1),
(N'EMP040', N'maha.abdulrahman40',    N'Pass@040', N'مها عبد الرحمن',    5, 0, 1),
(N'EMP041', N'ali.abdullah41',        N'Pass@041', N'علي عبدالله',       1, 1, 1),
(N'EMP042', N'omer.mostafa42',        N'Pass@042', N'عمر مصطفى',        2, 0, 1),
(N'EMP043', N'reem.khaled43',         N'Pass@043', N'ريم خالد',          3, 0, 1),
(N'EMP044', N'nada.mahmoud44',        N'Pass@044', N'ندى محمود',         4, 0, 1),
(N'EMP045', N'hassan.ibrahim45',      N'Pass@045', N'حسن إبراهيم',       5, 0, 1),
(N'EMP046', N'hind.salem46',          N'Pass@046', N'هند سالم',          1, 0, 1),
(N'EMP047', N'hany.saeed47',          N'Pass@047', N'هاني سعيد',         2, 0, 1),
(N'EMP048', N'noura.khaled48',        N'Pass@048', N'نورا خالد',         3, 0, 1),
(N'EMP049', N'majed.ahmed49',         N'Pass@049', N'ماجد أحمد',         4, 0, 1),
(N'EMP050', N'yasmin.mohammad50',     N'Pass@050', N'ياسمين محمد',       5, 0, 1),
(N'EMP051', N'sami.ali51',            N'Pass@051', N'سامي علي',          1, 0, 1),
(N'EMP052', N'leila.yousif52',        N'Pass@052', N'ليلى يوسف',         2, 0, 1),
(N'EMP053', N'amr.hosni53',           N'Pass@053', N'عمرو حسني',         3, 0, 1),
(N'EMP054', N'mariam.saeed54',        N'Pass@054', N'مريم سعيد',         4, 0, 1),
(N'EMP055', N'tarek.mohammad55',      N'Pass@055', N'طارق محمد',         5, 0, 1),
(N'EMP056', N'alla.khaled56',         N'Pass@056', N'علا خالد',          1, 0, 1),
(N'EMP057', N'rania.mostafa57',       N'Pass@057', N'رانيا مصطفى',      2, 0, 1),
(N'EMP058', N'karim.ahmed58',         N'Pass@058', N'كريم أحمد',         3, 0, 1),
(N'EMP059', N'maha.saeed59',          N'Pass@059', N'مها سعيد',          4, 0, 1),
(N'EMP060', N'adel.mahmoud60',        N'Pass@060', N'عادل محمود',        5, 0, 1);


---------------------------------
-- Insert into Labour Table
---------------------------------
INSERT INTO Labour (labourProcessName, price)
VALUES
('قص الورق', 50.00),
('تغليف الكتب', 30.00),
('طباعة الألوان', 100.00),
('تغليف الهدايا', 40.00),
('تقطيع الورق', 20.00),
('تغليف المجلات', 35.00),
('طباعة الأسود', 80.00),
('تغليف الأظرف', 25.00),
('تقطيع الكرتون', 60.00),
('تغليف الكتب الفاخرة', 70.00),
('طباعة الصور', 120.00),
('تغليف الهدايا الفاخرة', 90.00),
('تقطيع البلاستيك', 40.00),
('تغليف المجلات الفاخرة', 55.00),
('طباعة الملصقات', 75.00),
('تغليف الأظرف الفاخرة', 45.00),
('تقطيع المعادن', 100.00),
('تغليف الكتب الكبيرة', 85.00),
('طباعة الكتيبات', 65.00),
('تغليف الهدايا الصغيرة', 30.00),
('تقطيع الخشب', 70.00),
('تغليف المجلات الصغيرة', 25.00),
('طباعة الكتب', 90.00),
('تغليف الأظرف الصغيرة', 20.00),
('تقطيع الزجاج', 110.00),
('تغليف الكتب الصغيرة', 40.00),
('طباعة المجلات', 85.00),
('تغليف الهدايا الكبيرة', 95.00),
('تقطيع الورق المقوى', 50.00),
('تغليف الأظرف الكبيرة', 60.00);
GO

-- batch 2

-- إدراج 30 سجلًا في جدول Labour ببيانات واقعية باللغة العربية
INSERT INTO Labour (labourProcessName, price, Activated) VALUES
(N'قص الورق',                   10.00, 1),
(N'تجليد',                      25.00, 1),
(N'تغليف هدايا',                30.00, 1),
(N'فحص جودة الطباعة',           20.00, 1),
(N'قص ولصق',                    15.00, 1),
(N'تصميم صفحات',                40.00, 1),
(N'تدقيق لغوي',                 35.00, 1),
(N'تصحيح الألوان',              45.00, 1),
(N'طي الورق',                   12.50, 1),
(N'ثقب الورق',                  8.00, 1),
(N'وضع الأزرار',                22.00, 1),
(N'تشكيل البروشور',             28.00, 1),
(N'لصق الأفلام',                18.00, 1),
(N'تشطيب الحواف',               16.75, 1),
(N'تعطير الأوراق',              14.00, 1),
(N'وضع الأختام',                19.50, 1),
(N'تجميع المطبوعات',            24.00, 1),
(N'تغليف بلاستيكي',             26.50, 1),
(N'خياطة الكتب',                32.00, 1),
(N'إلصاق الملصقات',            11.00, 1),
(N'لف الملصقات',                13.25, 1),
(N'تنظيف الماكينات',            50.00, 1),
(N'صيانة الماكينات',            60.00, 1),
(N'تحضير الألوان',              17.00, 1),
(N'ترقيم الصفحات',              9.00, 1),
(N'تحزيم الأوراق',              21.00, 1),
(N'غسيل الأقمشة',               27.00, 1),
(N'كي الأقمشة',                 23.50, 1),
(N'لف الورق الحراري',           29.00, 1),
(N'لحام الشرائط',               31.00, 1);


---------------------------------
-- Insert into JobOrder Table
---------------------------------
INSERT INTO JobOrder (remainingAmount, unearnedRevenue, jobOrdernotes, earnedRevenue, orderProgress, customerID, startDate, endDate, employeeID)
VALUES
(500.00, 1000.00, 'طلب عاجل', 500.00, 'Pending', 1, '2023-10-01', '2023-10-10', 'EMP001'),
(300.00, 600.00, 'طلب عادي', 300.00, 'In Progress', 2, '2023-10-02', '2023-10-12', 'EMP002'),
(200.00, 400.00, 'طلب فاخر', 200.00, 'Completed', 3, '2023-10-03', '2023-10-13', 'EMP003'),
(400.00, 800.00, 'طلب كبير', 400.00, 'Pending', 4, '2023-10-04', '2023-10-14', 'EMP004'),
(100.00, 200.00, 'طلب صغير', 100.00, 'In Progress', 5, '2023-10-05', '2023-10-15', 'EMP005'),
(600.00, 1200.00, 'طلب كبير جداً', 600.00, 'Completed', 6, '2023-10-06', '2023-10-16', 'EMP006'),
(700.00, 1400.00, 'طلب عاجل', 700.00, 'Pending', 7, '2023-10-07', '2023-10-17', 'EMP007'),
(800.00, 1600.00, 'طلب عادي', 800.00, 'In Progress', 8, '2023-10-08', '2023-10-18', 'EMP008'),
(900.00, 1800.00, 'طلب فاخر', 900.00, 'Completed', 9, '2023-10-09', '2023-10-19', 'EMP009'),
(1000.00, 2000.00, 'طلب كبير', 1000.00, 'Pending', 10, '2023-10-10', '2023-10-20', 'EMP010'),
(1100.00, 2200.00, 'طلب صغير', 1100.00, 'In Progress', 11, '2023-10-11', '2023-10-21', 'EMP011'),
(1200.00, 2400.00, 'طلب كبير جداً', 1200.00, 'Completed', 12, '2023-10-12', '2023-10-22', 'EMP012'),
(1300.00, 2600.00, 'طلب عاجل', 1300.00, 'Pending', 13, '2023-10-13', '2023-10-23', 'EMP013'),
(1400.00, 2800.00, 'طلب عادي', 1400.00, 'In Progress', 14, '2023-10-14', '2023-10-24', 'EMP014'),
(1500.00, 3000.00, 'طلب فاخر', 1500.00, 'Completed', 15, '2023-10-15', '2023-10-25', 'EMP015'),
(1600.00, 3200.00, 'طلب كبير', 1600.00, 'Pending', 16, '2023-10-16', '2023-10-26', 'EMP016'),
(1700.00, 3400.00, 'طلب صغير', 1700.00, 'In Progress', 17, '2023-10-17', '2023-10-27', 'EMP017'),
(1800.00, 3600.00, 'طلب كبير جداً', 1800.00, 'Completed', 18, '2023-10-18', '2023-10-28', 'EMP018'),
(1900.00, 3800.00, 'طلب عاجل', 1900.00, 'Pending', 19, '2023-10-19', '2023-10-29', 'EMP019'),
(2000.00, 4000.00, 'طلب عادي', 2000.00, 'In Progress', 20, '2023-10-20', '2023-10-30', 'EMP020'),
(2100.00, 4200.00, 'طلب فاخر', 2100.00, 'Completed', 21, '2023-10-21', '2023-10-31', 'EMP021'),
(2200.00, 4400.00, 'طلب كبير', 2200.00, 'Pending', 22, '2023-10-22', '2023-11-01', 'EMP022'),
(2300.00, 4600.00, 'طلب صغير', 2300.00, 'In Progress', 23, '2023-10-23', '2023-11-02', 'EMP023'),
(2400.00, 4800.00, 'طلب كبير جداً', 2400.00, 'Completed', 24, '2023-10-24', '2023-11-03', 'EMP024'),
(2500.00, 5000.00, 'طلب عاجل', 2500.00, 'Pending', 25, '2023-10-25', '2023-11-04', 'EMP025'),
(2600.00, 5200.00, 'طلب عادي', 2600.00, 'In Progress', 26, '2023-10-26', '2023-11-05', 'EMP026'),
(2700.00, 5400.00, 'طلب فاخر', 2700.00, 'Completed', 27, '2023-10-27', '2023-11-06', 'EMP027'),
(2800.00, 5600.00, 'طلب كبير', 2800.00, 'Pending', 28, '2023-10-28', '2023-11-07', 'EMP028'),
(2900.00, 5800.00, 'طلب صغير', 2900.00, 'In Progress', 29, '2023-10-29', '2023-11-08', 'EMP029'),
(3000.00, 6000.00, 'طلب كبير جداً', 3000.00, 'Completed', 30, '2023-10-30', '2023-11-09', 'EMP030');
GO

---------------------------------
-- Insert into Machine Table
---------------------------------
INSERT INTO Machine (machineProcessName, price)
VALUES
('ماكينة قص الورق', 5000.00),
('ماكينة التغليف', 3000.00),
('ماكينة الطباعة الملونة', 10000.00),
('ماكينة التغليف الفاخر', 4000.00),
('ماكينة التقطيع', 2000.00),
('ماكينة تغليف المجلات', 3500.00),
('ماكينة الطباعة الأسود', 8000.00),
('ماكينة تغليف الأظرف', 2500.00),
('ماكينة تقطيع الكرتون', 6000.00),
('ماكينة تغليف الكتب الفاخرة', 7000.00),
('ماكينة طباعة الصور', 12000.00),
('ماكينة تغليف الهدايا الفاخرة', 9000.00),
('ماكينة تقطيع البلاستيك', 4000.00),
('ماكينة تغليف المجلات الفاخرة', 5500.00),
('ماكينة طباعة الملصقات', 7500.00),
('ماكينة تغليف الأظرف الفاخرة', 4500.00),
('ماكينة تقطيع المعادن', 10000.00),
('ماكينة تغليف الكتب الكبيرة', 8500.00),
('ماكينة طباعة الكتيبات', 6500.00),
('ماكينة تغليف الهدايا الصغيرة', 3000.00),
('ماكينة تقطيع الخشب', 7000.00),
('ماكينة تغليف المجلات الصغيرة', 2500.00),
('ماكينة طباعة الكتب', 9000.00),
('ماكينة تغليف الأظرف الصغيرة', 2000.00),
('ماكينة تقطيع الزجاج', 11000.00),
('ماكينة تغليف الكتب الصغيرة', 4000.00),
('ماكينة طباعة المجلات', 8500.00),
('ماكينة تغليف الهدايا الكبيرة', 9500.00),
('ماكينة تقطيع الورق المقوى', 5000.00),
('ماكينة تغليف الأظرف الكبيرة', 6000.00);
GO

-- batch 2
INSERT INTO Machine (machineProcessName, price, Activated)
VALUES
(N'ماكينة حقن البلاستيك', 185000.00, 1),
(N'مخرطة CNC ثلاثية المحاور', 220750.50, 1),
(N'ماكينة قص بالليزر', 315000.00, 1),
(N'مكبس هيدروليكي 200 طن', 98000.75, 1),
(N'ماكينة ثني الصاج الأوتوماتيكية', 127500.00, 0),
(N'خط إنتاج تعبئة السوائل', 450000.25, 1),
(N'ماكينة طباعة أوفست 4 ألوان', 285000.00, 1),
(N'فرن صهر المعادن سعة 1 طن', 175000.00, 1),
(N'ماكينة لف المحركات الكهربائية', 68000.50, 1),
(N'منشار قطع المعادن الآلي', 92500.00, 0),
(N'ماكينة صناعة الأكياس البلاستيكية', 112000.75, 1),
(N'معدة تشكيل بالبثق', 205000.00, 1),
(N'ماكينة لحام روبوتية', 325000.25, 1),
(N'جهاز فحص الجودة ثلاثي الأبعاد', 189000.00, 1),
(N'ماكينة خياطة صناعية متعددة الرؤوس', 75000.50, 1),
(N'مكبس كرتون هيدروليكي', 82000.00, 0),
(N'خط تجميع السيارات الآلي', 850000.00, 1),
(N'ماكينة تنظيف بالرمل المضغوط', 115000.75, 1),
(N'معدة طلاء كهربائي', 95000.25, 1),
(N'ماكينة تصنيع الأنابيب البلاستيكية', 157000.00, 1);
INSERT INTO Machine (machineProcessName, price, Activated)
VALUES
(N'ماكينة النقش بالليزر', 142500.00, 1),
(N'مكبس تواليت هيدروليكي', 78000.25, 1),
(N'ماكينة تشكيل الأنابيب المعدنية', 165000.50, 0),
(N'جهاز فحص اللحامات بالأشعة', 210000.00, 1),
(N'خط إنتاج الألواح الشمسية', 725000.75, 1),
(N'ماكينة ختم التاريخ والباركود', 45000.00, 1),
(N'معدة تصنيع الأجزاء الدقيقة', 285500.25, 1),
(N'ماكينة تقطيع الألواح الخشبية', 92000.50, 1),
(N'فرن تجفيف الطلاء الصناعي', 135000.00, 0),
(N'روبوت لحام نقطي متقدم', 385000.00, 1);


---------------------------------
-- Insert into ProcessBridge Table
---------------------------------
INSERT INTO ProcessBridge (jobOrderID, machineID, labourID, totalMachineValue, totalLabourValue, numberOfHours, employeeID)
VALUES
(1, 1, 1, 5000.00, 50.00, 10.00, 'EMP001'),
(2, 2, 2, 3000.00, 30.00, 8.00, 'EMP002'),
(3, 3, 3, 10000.00, 100.00, 12.00, 'EMP003'),
(4, 4, 4, 4000.00, 40.00, 9.00, 'EMP004'),
(5, 5, 5, 2000.00, 20.00, 7.00, 'EMP005'),
(6, 6, 6, 3500.00, 35.00, 11.00, 'EMP006'),
(7, 7, 7, 8000.00, 80.00, 10.00, 'EMP007'),
(8, 8, 8, 2500.00, 25.00, 8.00, 'EMP008'),
(9, 9, 9, 6000.00, 60.00, 12.00, 'EMP009'),
(10, 10, 10, 7000.00, 70.00, 10.00, 'EMP010'),
(11, 11, 11, 12000.00, 120.00, 15.00, 'EMP011'),
(12, 12, 12, 9000.00, 90.00, 14.00, 'EMP012'),
(13, 13, 13, 4000.00, 40.00, 9.00, 'EMP013'),
(14, 14, 14, 5500.00, 55.00, 11.00, 'EMP014'),
(15, 15, 15, 7500.00, 75.00, 10.00, 'EMP015'),
(16, 16, 16, 4500.00, 45.00, 8.00, 'EMP016'),
(17, 17, 17, 10000.00, 100.00, 12.00, 'EMP017'),
(18, 18, 18, 8500.00, 85.00, 10.00, 'EMP018'),
(19, 19, 19, 6500.00, 65.00, 9.00, 'EMP019'),
(20, 20, 20, 3000.00, 30.00, 7.00, 'EMP020'),
(21, 21, 21, 7000.00, 70.00, 10.00, 'EMP021'),
(22, 22, 22, 2500.00, 25.00, 8.00, 'EMP022'),
(23, 23, 23, 9000.00, 90.00, 12.00, 'EMP023'),
(24, 24, 24, 2000.00, 20.00, 7.00, 'EMP024'),
(25, 25, 25, 11000.00, 110.00, 15.00, 'EMP025'),
(26, 26, 26, 4000.00, 40.00, 9.00, 'EMP026'),
(27, 27, 27, 8500.00, 85.00, 10.00, 'EMP027'),
(28, 28, 28, 9500.00, 95.00, 12.00, 'EMP028'),
(29, 29, 29, 5000.00, 50.00, 10.00, 'EMP029'),
(30, 30, 30, 6000.00, 60.00, 8.00, 'EMP030');
GO

-- mariam from 31 to 60
-- إدراج 30 سجلاً في جدول ProcessBridge ببيانات حقيقية
INSERT INTO ProcessBridge (
    jobOrderID,
    machineID,
    labourID,
    machineHourPrice,
    totalMachineValue,
    labourHourPrice,
    totalLabourValue,
    numberOfHours,
    employeeID
)
VALUES
(40, 38, 49, 78.89, 384.98, 68.81, 335.79, 4.88, N'EMP042'),
(38, 18, 48, 73.96, 133.13, 72.33, 130.19, 1.80, N'EMP056'),
(60, 55, 32, 37.37, 143.50, 48.88, 187.70, 3.84, N'EMP002'),
(49, 23, 16, 96.03, 432.14, 19.77, 88.90, 4.50, N'EMP045'),
(34, 12, 21, 63.22, 189.66, 50.14, 150.42, 3.00, N'EMP031'),
(59, 47, 44, 27.48, 219.84, 35.19, 281.52, 8.00, N'EMP060'),
(55, 10, 9, 81.12, 405.60, 20.47, 102.35, 5.00, N'EMP007'),
(45, 1, 5, 29.58, 59.16, 79.34, 158.68, 2.00, N'EMP019'),
(31, 60, 25, 66.47, 265.88, 68.05, 272.20, 4.00, N'EMP016'),
(52, 39, 39, 42.90, 429.00, 79.21, 792.10, 10.00, N'EMP023'),
(36, 5, 28, 94.17, 282.51, 31.56, 94.68, 3.00, N'EMP054'),
(33, 52, 41, 58.74, 117.48, 37.29, 74.58, 2.00, N'EMP028'),
(58, 7, 13, 88.01, 264.03, 50.43, 151.29, 3.00, N'EMP049'),
(50, 21, 27, 32.65, 98.00, 59.18, 177.54, 3.00, N'EMP039'),
(43, 44, 36, 51.32, 153.96, 38.99, 116.97, 3.00, N'EMP020'),
(35, 35, 19, 79.45, 237.35, 26.01, 78.03, 3.00, N'EMP011'),
(56, 16, 6, 62.18, 186.54, 74.28, 222.84, 3.00, N'EMP034'),
(44, 29, 50, 54.39, 217.56, 54.88, 219.52, 4.00, N'EMP001'),
(39, 17, 33, 89.74, 269.22, 59.26, 177.78, 3.00, N'EMP037'),
(37, 54, 12, 45.11, 180.44, 54.24, 216.96, 4.00, N'EMP014'),
(41, 8, 3, 93.59, 280.78, 77.92, 233.76, 3.00, N'EMP033'),
(32, 42, 38, 69.28, 207.84, 65.14, 195.42, 3.00, N'EMP021'),
(47, 25, 20, 77.33, 154.66, 48.51, 97.02, 2.00, N'EMP044'),
(53, 13, 15, 35.47, 106.41, 16.95, 50.85, 3.00, N'EMP018'),
(54, 27, 22, 52.66, 157.98, 37.21, 111.63, 3.00, N'EMP008'),
(46, 19, 7, 70.12, 210.36, 26.77, 80.31, 3.00, N'EMP029'),
(57, 2, 24, 49.85, 224.33, 42.18, 189.72, 4.50, N'EMP015'),
(48, 30, 35, 65.04, 195.12, 74.30, 222.90, 3.00, N'EMP041'),
(42, 56, 29, 90.55, 451.27, 23.47, 116.17, 4.98, N'EMP026'),
(51, 4, 31, 59.88, 179.64, 19.62, 58.86, 3.00, N'EMP005');



---------------------------------
-- Insert into MiscellaneousExpenses Table
---------------------------------
INSERT INTO MiscellaneousExpenses (jobOrderID, employeeID, materialProcessingExpense, filmsProcessingExpense, materialsTotal, totalAfterMaterials, adminstrativeExpense, totalExpenses, percentage, totalAfterPercentage, ministryOfFinance, employeeImprovmentBox, valueAddedTax, finalTotal)
VALUES
(1, 'EMP001', 100.00, 50.00, 150.00, 650.00, 50.00, 700.00, 10.00, 770.00, 77.00, 77.00, 154.00, 1001.00),
(2, 'EMP002', 200.00, 100.00, 300.00, 900.00, 100.00, 1000.00, 10.00, 1100.00, 110.00, 110.00, 220.00, 1430.00),
(3, 'EMP003', 300.00, 150.00, 450.00, 1450.00, 150.00, 1600.00, 10.00, 1760.00, 176.00, 176.00, 352.00, 2288.00),
(4, 'EMP004', 400.00, 200.00, 600.00, 2000.00, 200.00, 2200.00, 10.00, 2420.00, 242.00, 242.00, 484.00, 3146.00),
(5, 'EMP005', 500.00, 250.00, 750.00, 2550.00, 250.00, 2800.00, 10.00, 3080.00, 308.00, 308.00, 616.00, 4004.00),
(6, 'EMP006', 600.00, 300.00, 900.00, 3300.00, 300.00, 3600.00, 10.00, 3960.00, 396.00, 396.00, 792.00, 5148.00),
(7, 'EMP007', 700.00, 350.00, 1050.00, 4050.00, 350.00, 4400.00, 10.00, 4840.00, 484.00, 484.00, 968.00, 6292.00),
(8, 'EMP008', 800.00, 400.00, 1200.00, 5200.00, 400.00, 5600.00, 10.00, 6160.00, 616.00, 616.00, 1232.00, 8008.00),
(9, 'EMP009', 900.00, 450.00, 1350.00, 6350.00, 450.00, 6800.00, 10.00, 7480.00, 748.00, 748.00, 1496.00, 9724.00),
(10, 'EMP010', 1000.00, 500.00, 1500.00, 7500.00, 500.00, 8000.00, 10.00, 8800.00, 880.00, 880.00, 1760.00, 11440.00),
(11, 'EMP011', 1100.00, 550.00, 1650.00, 8650.00, 550.00, 9200.00, 10.00, 10120.00, 1012.00, 1012.00, 2024.00, 13156.00),
(12, 'EMP012', 1200.00, 600.00, 1800.00, 9800.00, 600.00, 10400.00, 10.00, 11440.00, 1144.00, 1144.00, 2288.00, 14872.00),
(13, 'EMP013', 1300.00, 650.00, 1950.00, 10950.00, 650.00, 11600.00, 10.00, 12760.00, 1276.00, 1276.00, 2552.00, 16588.00),
(14, 'EMP014', 1400.00, 700.00, 2100.00, 12100.00, 700.00, 12800.00, 10.00, 14080.00, 1408.00, 1408.00, 2816.00, 18304.00),
(15, 'EMP015', 1500.00, 750.00, 2250.00, 13250.00, 750.00, 14000.00, 10.00, 15400.00, 1540.00, 1540.00, 3080.00, 20020.00),
(16, 'EMP016', 1600.00, 800.00, 2400.00, 14400.00, 800.00, 15200.00, 10.00, 16720.00, 1672.00, 1672.00, 3344.00, 21736.00),
(17, 'EMP017', 1700.00, 850.00, 2550.00, 15550.00, 850.00, 16400.00, 10.00, 18040.00, 1804.00, 1804.00, 3608.00, 23452.00),
(18, 'EMP018', 1800.00, 900.00, 2700.00, 16700.00, 900.00, 17600.00, 10.00, 19360.00, 1936.00, 1936.00, 3872.00, 25168.00),
(19, 'EMP019', 1900.00, 950.00, 2850.00, 17850.00, 950.00, 18800.00, 10.00, 20680.00, 2068.00, 2068.00, 4136.00, 26884.00),
(20, 'EMP020', 2000.00, 1000.00, 3000.00, 19000.00, 1000.00, 20000.00, 10.00, 22000.00, 2200.00, 2200.00, 4400.00, 28600.00),
(21, 'EMP021', 2100.00, 1050.00, 3150.00, 20150.00, 1050.00, 21200.00, 10.00, 23320.00, 2332.00, 2332.00, 4664.00, 30316.00),
(22, 'EMP022', 2200.00, 1100.00, 3300.00, 21300.00, 1100.00, 22400.00, 10.00, 24640.00, 2464.00, 2464.00, 4928.00, 32032.00),
(23, 'EMP023', 2300.00, 1150.00, 3450.00, 22450.00, 1150.00, 23600.00, 10.00, 25960.00, 2596.00, 2596.00, 5192.00, 33748.00),
(24, 'EMP024', 2400.00, 1200.00, 3600.00, 23600.00, 1200.00, 24800.00, 10.00, 27280.00, 2728.00, 2728.00, 5456.00, 35464.00),
(25, 'EMP025', 2500.00, 1250.00, 3750.00, 24750.00, 1250.00, 26000.00, 10.00, 28600.00, 2860.00, 2860.00, 5720.00, 37180.00),
(26, 'EMP026', 2600.00, 1300.00, 3900.00, 25900.00, 1300.00, 27200.00, 10.00, 29920.00, 2992.00, 2992.00, 5984.00, 38912.00),
(27, 'EMP027', 2700.00, 1350.00, 4050.00, 27050.00, 1350.00, 28400.00, 10.00, 31240.00, 3124.00, 3124.00, 6248.00, 40612.00),
(28, 'EMP028', 2800.00, 1400.00, 4200.00, 28200.00, 1400.00, 29600.00, 10.00, 32560.00, 3256.00, 3256.00, 6512.00, 42328.00),
(29, 'EMP029', 2900.00, 1450.00, 4350.00, 29350.00, 1450.00, 30800.00, 10.00, 33880.00, 3388.00, 3388.00, 6776.00, 44044.00),
(30, 'EMP030', 3000.00, 1500.00, 4500.00, 30500.00, 1500.00, 32000.00, 10.00, 35200.00, 3520.00, 3520.00, 7040.00, 45760.00);
GO

-- mariam from 31 to 60

-- إدراج 30 سجلاً في جدول MiscellaneousExpenses ببيانات حقيقية
INSERT INTO MiscellaneousExpenses (
    jobOrderID,
    employeeID,
    materialProcessingExpense,
    filmsProcessingExpense,
    materialsTotal,
    totalAfterMaterials,
    adminstrativeExpense,
    totalExpenses,
    percentage,
    totalAfterEmplyeeImprovementbox,
    other,
    totalAfterPercentage,
    ministryOfFinance,
    employeeImprovmentBox,
    valueAddedTax,
    finalTotal
)
VALUES
(31, N'EMP005', 120.50, 45.75, 166.25, 180.00, 55.00, 235.00, 10.00, 258.50, 20.00, 278.50, 50.00, 30.00, 40.00, 398.50),
(32, N'EMP012', 200.00, 80.00, 280.00, 300.00, 70.00, 370.00, 12.00, 414.40, 25.00, 439.40, 60.00, 25.00, 42.00, 566.40),
(33, N'EMP019',  50.00, 20.00,  70.00,  70.00, 30.00, 100.00,  8.00, 108.00, 10.00, 118.00, 20.00, 15.00, 17.70, 170.00),
(34, N'EMP026', 150.25, 60.50, 210.75, 210.75, 65.00, 275.75, 15.00, 317.11, 30.00, 347.11, 80.00, 35.00, 44.10, 506.11),
(35, N'EMP033',  95.00, 30.00, 125.00, 125.00, 40.00, 165.00,  5.00, 173.25, 15.00, 188.25, 45.00, 20.00, 25.36, 278.25),
(36, N'EMP040',  80.50, 25.25, 105.75, 105.75, 35.00, 140.75,  7.00, 150.55, 12.00, 162.55, 40.00, 18.00, 21.96, 242.55),
(37, N'EMP047',  60.00, 22.50,  82.50,  82.50, 28.00, 110.50,  6.00, 117.13,  8.00, 125.13, 30.00, 12.00, 16.52, 183.13),
(38, N'EMP054', 175.00, 70.00, 245.00, 245.00, 80.00, 325.00, 20.00, 390.00, 35.00, 425.00, 90.00, 40.00, 49.50, 604.50),
(39, N'EMP002', 110.00, 50.00, 160.00, 160.00, 60.00, 220.00,  9.00, 239.80, 18.00, 257.80, 55.00, 22.00, 28.49, 363.80),
(40, N'EMP009', 130.75, 55.25, 186.00, 186.00, 75.00, 261.00, 14.00, 297.54, 22.00, 319.54, 65.00, 28.00, 41.14, 453.54),
(41, N'EMP016', 140.00, 65.00, 205.00, 205.00, 85.00, 290.00, 18.00, 342.20, 27.00, 369.20, 70.00, 32.00, 47.39, 518.20),
(42, N'EMP023',  55.50, 24.75,  80.25,  80.25, 29.00, 109.25,  5.50, 115.73, 11.00, 126.73, 35.00, 17.00, 19.32, 197.73),
(43, N'EMP030', 165.00, 75.00, 240.00, 240.00, 95.00, 335.00, 22.00, 409.70, 32.00, 441.70, 95.00, 45.00, 63.84, 644.70),
(44, N'EMP037',  90.00, 35.00, 125.00, 125.00, 50.00, 175.00, 10.00, 192.50, 20.00, 212.50, 48.00, 21.00, 25.50, 306.50),
(45, N'EMP044',  85.25, 30.50, 115.75, 115.75, 47.00, 162.75, 11.00, 180.68, 18.00, 198.68, 42.00, 19.00, 23.54, 303.68),
(46, N'EMP051', 100.00, 40.00, 140.00, 140.00, 60.00, 200.00, 13.00, 226.00, 24.00, 250.00, 52.00, 24.00, 29.00, 355.00),
(47, N'EMP058', 115.50, 48.25, 163.75, 163.75, 68.00, 231.75, 16.00, 268.50, 26.00, 294.50, 58.00, 26.00, 36.23, 414.50),
(48, N'EMP004',  72.00, 28.00, 100.00, 100.00, 36.00, 136.00,  7.00, 145.52, 14.00, 159.52, 38.00, 18.00, 21.53, 237.52),
(49, N'EMP011', 125.00, 52.00, 177.00, 177.00, 72.00, 249.00, 15.00, 286.35, 30.00, 316.35, 62.00, 27.00, 42.29, 447.35),
(50, N'EMP018',  68.75, 26.25,  95.00,  95.00, 34.00, 129.00,  8.50, 139.65, 12.00, 151.65, 36.00, 16.00, 20.23, 223.65),
(51, N'EMP025', 155.00, 65.00, 220.00, 220.00, 85.00, 305.00, 17.00, 356.85, 28.00, 384.85, 75.00, 33.00, 53.88, 546.85),
(52, N'EMP032',  95.00, 30.00, 125.00, 125.00, 45.00, 170.00,  9.00, 185.30, 20.00, 205.30, 45.00, 22.00, 24.74, 295.30),
(53, N'EMP039', 135.25, 58.75, 194.00, 194.00, 78.00, 272.00, 14.50, 311.20, 26.00, 337.20, 68.00, 29.00, 42.12, 476.20),
(54, N'EMP046',  80.00, 35.00, 115.00, 115.00, 50.00, 165.00, 10.00, 181.50, 18.00, 199.50, 40.00, 19.00, 23.94, 282.50),
(55, N'EMP053',  90.50, 40.75, 131.25, 131.25, 55.00, 186.25, 12.50, 209.53, 22.00, 231.53, 50.00, 23.00, 32.41, 336.53),
(56, N'EMP060',  60.00, 20.00,  80.00,  80.00, 30.00, 110.00,  5.00, 115.50, 10.00, 125.50, 30.00, 15.00, 18.57, 188.50),
(57, N'EMP003', 170.00, 75.00, 245.00, 245.00, 90.00, 335.00, 18.00, 395.30, 34.00, 429.30, 85.00, 38.00, 68.30, 620.30),
(58, N'EMP010',  85.00, 32.00, 117.00, 117.00, 48.00, 165.00, 11.00, 183.15, 16.00, 199.15, 42.00, 20.00, 23.88, 285.15),
(59, N'EMP017', 112.50, 47.50, 160.00, 160.00, 65.00, 225.00, 13.50, 255.38, 24.00, 279.38, 55.00, 26.00, 36.11, 396.38),
(60, N'EMP024', 145.00, 60.00, 205.00, 205.00, 75.00, 280.00, 16.00, 324.80, 30.00, 354.80, 70.00, 30.00, 49.67, 504.80);


---------------------------------
-- Insert into ReturnsOrder Table
---------------------------------
INSERT INTO ReturnsOrder (returnDate, jobOrderID, employeeID, returnsNotes)
VALUES
('2023-10-01', 1, 'EMP001', 'تم إرجاع الطلب بسبب عيب في الطباعة'),
('2023-10-02', 2, 'EMP002', 'تم إرجاع الطلب بسبب خطأ في التغليف'),
('2023-10-03', 3, 'EMP003', 'تم إرجاع الطلب بسبب تأخير في التسليم'),
('2023-10-04', 4, 'EMP004', 'تم إرجاع الطلب بسبب عدم الرضا عن الجودة'),
('2023-10-05', 5, 'EMP005', 'تم إرجاع الطلب بسبب خطأ في الكمية'),
('2023-10-06', 6, 'EMP006', 'تم إرجاع الطلب بسبب عيب في المواد'),
('2023-10-07', 7, 'EMP007', 'تم إرجاع الطلب بسبب خطأ في الألوان'),
('2023-10-08', 8, 'EMP008', 'تم إرجاع الطلب بسبب عيب في التقطيع'),
('2023-10-09', 9, 'EMP009', 'تم إرجاع الطلب بسبب خطأ في التصميم'),
('2023-10-10', 10, 'EMP010', 'تم إرجاع الطلب بسبب عيب في الطباعة'),
('2023-10-11', 11, 'EMP011', 'تم إرجاع الطلب بسبب خطأ في التغليف'),
('2023-10-12', 12, 'EMP012', 'تم إرجاع الطلب بسبب تأخير في التسليم'),
('2023-10-13', 13, 'EMP013', 'تم إرجاع الطلب بسبب عدم الرضا عن الجودة'),
('2023-10-14', 14, 'EMP014', 'تم إرجاع الطلب بسبب خطأ في الكمية'),
('2023-10-15', 15, 'EMP015', 'تم إرجاع الطلب بسبب عيب في المواد'),
('2023-10-16', 16, 'EMP016', 'تم إرجاع الطلب بسبب خطأ في الألوان'),
('2023-10-17', 17, 'EMP017', 'تم إرجاع الطلب بسبب عيب في التقطيع'),
('2023-10-18', 18, 'EMP018', 'تم إرجاع الطلب بسبب خطأ في التصميم'),
('2023-10-19', 19, 'EMP019', 'تم إرجاع الطلب بسبب عيب في الطباعة'),
('2023-10-20', 20, 'EMP020', 'تم إرجاع الطلب بسبب خطأ في التغليف'),
('2023-10-21', 21, 'EMP021', 'تم إرجاع الطلب بسبب تأخير في التسليم'),
('2023-10-22', 22, 'EMP022', 'تم إرجاع الطلب بسبب عدم الرضا عن الجودة'),
('2023-10-23', 23, 'EMP023', 'تم إرجاع الطلب بسبب خطأ في الكمية'),
('2023-10-24', 24, 'EMP024', 'تم إرجاع الطلب بسبب عيب في المواد'),
('2023-10-25', 25, 'EMP025', 'تم إرجاع الطلب بسبب خطأ في الألوان'),
('2023-10-26', 26, 'EMP026', 'تم إرجاع الطلب بسبب عيب في التقطيع'),
('2023-10-27', 27, 'EMP027', 'تم إرجاع الطلب بسبب خطأ في التصميم'),
('2023-10-28', 28, 'EMP028', 'تم إرجاع الطلب بسبب عيب في الطباعة'),
('2023-10-29', 29, 'EMP029', 'تم إرجاع الطلب بسبب خطأ في التغليف'),
('2023-10-30', 30, 'EMP030', 'تم إرجاع الطلب بسبب تأخير في التسليم');
GO

-- mariam from 31 to 60

-- إدراج 30 سجلاً في جدول ReturnsOrder ببيانات حقيقية
INSERT INTO ReturnsOrder (
    returnDate,
    jobOrderID,
    purchaseID,
    returnInOut,
    employeeID,
    returnsNotes
)
VALUES
('2025-01-15', 32, 35, 1, N'EMP010', N'إعادة منتج معيب'),
('2025-01-20', 45, 38, 0, N'EMP023', N'إرجاع جزء غير مطابق للمواصفات'),
('2025-02-02', 31, 42, 1, N'EMP005', N'عودة مواد إضافية غير مستخدمة'),
('2025-02-10', 56, 50, 0, N'EMP030', N'إعادة قطع تالفة أثناء الشحن'),
('2025-02-18', 37, 33, 1, N'EMP019', N'إرجاع زيادة كمية غير مطلوبة'),
('2025-03-01', 60, 47, 0, N'EMP041', N'إعادة تغليف غير مطابق'),
('2025-03-05', 49, 39, 1, N'EMP017', N'عودة عينة تجريبية'),
('2025-03-12', 34, 31, 0, N'EMP026', N'إرجاع منتج بعد انتهاء فترة الصلاحية'),
('2025-03-20', 58, 44, 1, N'EMP052', N'عودة قطع احتياطية غير مطلوبة'),
('2025-03-25', 42, 36, 0, N'EMP033', N'إعادة طلب بسبب خطأ في الطلب'),
('2025-04-01', 35, 32, 1, N'EMP008', N'إرجاع منتج غير مطابق للوصف'),
('2025-04-07', 53, 55, 0, N'EMP019', N'إعادة قطع بسبب تغيير المواصفات'),
('2025-04-14', 46, 48, 1, N'EMP044', N'إرجاع قطع تالفة'),
('2025-04-20', 38, 41, 0, N'EMP028', N'إعادة كمية زائدة'),
('2025-04-25', 50, 57, 1, N'EMP035', N'عودة مواد خام غير مطابقة'),
('2025-05-02', 41, 34, 0, N'EMP013', N'إعادة دفعة كاملة بسبب عيب تصنيعي'),
('2025-05-08', 54, 59, 1, N'EMP022', N'إرجاع قطع صغيرة غير مستخدمة'),
('2025-05-12', 36, 51, 0, N'EMP016', N'عودة طلب بعد طلب تعديل'),
('2025-05-18', 57, 43, 1, N'EMP047', N'إرجاع منتج بكميات ناقصة'),
('2025-05-22', 43, 49, 0, N'EMP031', N'إعادة منتجات تالفة جزئياً'),
('2025-05-28', 39, 53, 1, N'EMP055', N'إرجاع قطع إضافية غير مطلوبة'),
('2025-06-01', 51, 56, 0, N'EMP002', N'عودة دفعة بسبب خطأ في التعبئة'),
('2025-06-04', 47, 30, 1, N'EMP040', N'إرجاع عينة غير مطابقة'),
('2025-06-07', 44, 37, 0, N'EMP027', N'إعادة مواد تالفة خلال المعالجة'),
('2025-06-09', 55, 29, 1, N'EMP018', N'إرجاع منتجات زائدة عن الحاجة'),
('2025-06-10', 59, 46, 0, N'EMP054', N'إعادة قطع بسبب تغيير التصميم'),
('2025-06-11', 48, 60, 1, N'EMP009', N'إرجاع أجزاء غير مستخدمة'),
('2025-06-12', 33, 58, 0, N'EMP038', N'عودة منتجات بعد اختبار الجودة'),
('2025-06-13', 52, 45, 1, N'EMP060', N'إرجاع منتج بعد تعديل المواصفات');  


---------------------------------
-- Insert into RequisiteOrder Table
---------------------------------
INSERT INTO RequisiteOrder (requisiteDate, employeeID, jobOrderID, requisiteNotes)
VALUES
('2023-10-01', 'EMP001', 1, 'طلب مواد لتنفيذ الطلب'),
('2023-10-02', 'EMP002', 2, 'طلب مواد لتنفيذ الطلب'),
('2023-10-03', 'EMP003', 3, 'طلب مواد لتنفيذ الطلب'),
('2023-10-04', 'EMP004', 4, 'طلب مواد لتنفيذ الطلب'),
('2023-10-05', 'EMP005', 5, 'طلب مواد لتنفيذ الطلب'),
('2023-10-06', 'EMP006', 6, 'طلب مواد لتنفيذ الطلب'),
('2023-10-07', 'EMP007', 7, 'طلب مواد لتنفيذ الطلب'),
('2023-10-08', 'EMP008', 8, 'طلب مواد لتنفيذ الطلب'),
('2023-10-09', 'EMP009', 9, 'طلب مواد لتنفيذ الطلب'),
('2023-10-10', 'EMP010', 10, 'طلب مواد لتنفيذ الطلب'),
('2023-10-11', 'EMP011', 11, 'طلب مواد لتنفيذ الطلب'),
('2023-10-12', 'EMP012', 12, 'طلب مواد لتنفيذ الطلب'),
('2023-10-13', 'EMP013', 13, 'طلب مواد لتنفيذ الطلب'),
('2023-10-14', 'EMP014', 14, 'طلب مواد لتنفيذ الطلب'),
('2023-10-15', 'EMP015', 15, 'طلب مواد لتنفيذ الطلب'),
('2023-10-16', 'EMP016', 16, 'طلب مواد لتنفيذ الطلب'),
('2023-10-17', 'EMP017', 17, 'طلب مواد لتنفيذ الطلب'),
('2023-10-18', 'EMP018', 18, 'طلب مواد لتنفيذ الطلب'),
('2023-10-19', 'EMP019', 19, 'طلب مواد لتنفيذ الطلب'),
('2023-10-20', 'EMP020', 20, 'طلب مواد لتنفيذ الطلب'),
('2023-10-21', 'EMP021', 21, 'طلب مواد لتنفيذ الطلب'),
('2023-10-22', 'EMP022', 22, 'طلب مواد لتنفيذ الطلب'),
('2023-10-23', 'EMP023', 23, 'طلب مواد لتنفيذ الطلب'),
('2023-10-24', 'EMP024', 24, 'طلب مواد لتنفيذ الطلب'),
('2023-10-25', 'EMP025', 25, 'طلب مواد لتنفيذ الطلب'),
('2023-10-26', 'EMP026', 26, 'طلب مواد لتنفيذ الطلب'),
('2023-10-27', 'EMP027', 27, 'طلب مواد لتنفيذ الطلب'),
('2023-10-28', 'EMP028', 28, 'طلب مواد لتنفيذ الطلب'),
('2023-10-29', 'EMP029', 29, 'طلب مواد لتنفيذ الطلب'),
('2023-10-30', 'EMP030', 30, 'طلب مواد لتنفيذ الطلب');
GO

-- mariam from 31 to 60

-- إدراج 30 سجلاً في جدول RequisiteOrder ببيانات حقيقية
INSERT INTO RequisiteOrder (
    requisiteDate,
    employeeID,
    jobOrderID,
    requisiteNotes
)
VALUES
('2025-01-12', N'EMP005', 32, N'طلب مواد إضافية للطباعة'),
('2025-01-18', N'EMP012', 45, N'مراجعة وتأكيد المخلفات المطلوبة'),
('2025-02-02', N'EMP019', 31, N'طلب مواد تغليف خاصة'),
('2025-02-09', N'EMP026', 56, N'استبدال ورق تالف'),
('2025-02-15', N'EMP033', 37, N'تزويد حبر أزرق إضافي'),
('2025-03-01', N'EMP040', 60, N'طلب قوائم قطع غيار للمكينة'),
('2025-03-07', N'EMP047', 49, N'توفير شريط لاصق عرض 5 سم'),
('2025-03-13', N'EMP054', 34, N'طلب ألواح بلاستيكية للشاشة'),
('2025-03-20', N'EMP002', 58, N'إضافة خدمات تشطيب خاصة'),
('2025-03-25', N'EMP009', 42, N'طلب صمغ سريع الجفاف'),
('2025-04-01', N'EMP016', 35, N'تزويد أكياس تغليف بلاستيكية'),
('2025-04-06', N'EMP023', 53, N'طلب قلم تحديد ذهبي'),
('2025-04-12', N'EMP030', 46, N'إضافة ورق حراري للآلة'),
('2025-04-18', N'EMP037', 38, N'طلب فيلم حماية للشاشة'),
('2025-04-23', N'EMP044', 50, N'تزويد لوحات رسم بيانية'),
('2025-05-01', N'EMP051', 41, N'طلب شفرات قطع احتياطية'),
('2025-05-07', N'EMP058', 54, N'استبدال مكبس الحبر'),
('2025-05-13', N'EMP004', 36, N'توفير غراء مائي'),
('2025-05-18', N'EMP011', 57, N'طلب ملصقات لوجو الشركة'),
('2025-05-24', N'EMP018', 43, N'تزويد ألواح خشبية للتجربة'),
('2025-05-29', N'EMP025', 39, N'طلب شرائط مغناطيسية'),
('2025-06-02', N'EMP032', 51, N'إضافة ورق كربوني'),
('2025-06-06', N'EMP039', 47, N'استبدال فلتر الحبر'),
('2025-06-09', N'EMP046', 55, N'طلب بطاريات لعدّاد القطع'),
('2025-06-11', N'EMP053', 59, N'تزويد أشرطة لاصقة ملونة'),
('2025-06-12', N'EMP060', 48, N'طلب غلاف بلاستيكي شفاف'),
('2025-06-13', N'EMP003', 33, N'توفير ممحاة للكربون'),
('2025-06-14', N'EMP010', 52, N'طلب مطبوعات تجريبية'),
('2025-06-14', N'EMP017', 58, N'إضافة إبر دقيقة للطابعة');


---------------------------------
-- Insert into Paper Table
---------------------------------
INSERT INTO Paper (name, size, weight, totalBalance, colored, quantity, price, reorderPoint)
VALUES
('ورق أبيض', 'A4', 80.00, 1000.00, 'لا', 100, 10.00, 100.00),
('ورق ملون', 'A4', 80.00, 500.00, 'نعم', 50, 15.00, 50.00),
('ورق فاخر', 'A3', 120.00, 300.00, 'لا', 30, 20.00, 30.00),
('ورق لامع', 'A4', 90.00, 400.00, 'نعم', 40, 12.00, 40.00),
('ورق كرتون', 'A2', 200.00, 200.00, 'لا', 20, 25.00, 20.00),
('ورق جرائد', 'A1', 70.00, 600.00, 'لا', 60, 8.00, 60.00),
('ورق فوتو', 'A4', 100.00, 350.00, 'نعم', 35, 18.00, 35.00),
('ورق رسم', 'A3', 110.00, 250.00, 'لا', 25, 22.00, 25.00),
('ورق لاصق', 'A4', 85.00, 450.00, 'نعم', 45, 14.00, 45.00),
('ورق مقوى', 'A2', 150.00, 150.00, 'لا', 15, 30.00, 15.00),
('ورق فاخر ملون', 'A3', 120.00, 200.00, 'نعم', 20, 25.00, 20.00),
('ورق جرائد ملون', 'A1', 70.00, 400.00, 'نعم', 40, 10.00, 40.00),
('ورق فوتو لامع', 'A4', 100.00, 300.00, 'نعم', 30, 20.00, 30.00),
('ورق رسم فاخر', 'A3', 110.00, 150.00, 'لا', 15, 28.00, 15.00),
('ورق لاصق فاخر', 'A4', 85.00, 350.00, 'نعم', 35, 16.00, 35.00),
('ورق مقوى ملون', 'A2', 150.00, 100.00, 'نعم', 10, 35.00, 10.00),
('ورق أبيض فاخر', 'A4', 80.00, 500.00, 'لا', 50, 12.00, 50.00),
('ورق ملون فاخر', 'A4', 80.00, 250.00, 'نعم', 25, 18.00, 25.00),
('ورق فاخر لامع', 'A3', 120.00, 200.00, 'نعم', 20, 22.00, 20.00),
('ورق كرتون فاخر', 'A2', 200.00, 150.00, 'لا', 15, 30.00, 15.00),
('ورق جرائد فاخر', 'A1', 70.00, 300.00, 'لا', 30, 12.00, 30.00),
('ورق فوتو فاخر', 'A4', 100.00, 250.00, 'نعم', 25, 25.00, 25.00),
('ورق رسم لامع', 'A3', 110.00, 100.00, 'لا', 10, 30.00, 10.00),
('ورق لاصق لامع', 'A4', 85.00, 200.00, 'نعم', 20, 18.00, 20.00),
('ورق مقوى لامع', 'A2', 150.00, 50.00, 'لا', 5, 40.00, 5.00),
('ورق أبيض لامع', 'A4', 80.00, 400.00, 'لا', 40, 14.00, 40.00),
('ورق ملون لامع', 'A4', 80.00, 200.00, 'نعم', 20, 20.00, 20.00),
('ورق فاخر مقوى', 'A3', 120.00, 150.00, 'لا', 15, 35.00, 15.00),
('ورق كرتون لامع', 'A2', 200.00, 100.00, 'لا', 10, 45.00, 10.00),
('ورق جرائد لامع', 'A1', 70.00, 200.00, 'لا', 20, 15.00, 20.00);
GO

-- batch 2
-- إدراج 30 سجلًا في جدول Paper ببيانات واقعية باللغة العربية
INSERT INTO Paper (name, size, weight, totalBalance, colored, quantity, price, reorderPoint) VALUES
(N'ورق A4 عادي',            N'21x29.7 سم', 80.00, 8000.00,  N'أبيض',    100, 0.80, 50),
(N'ورق A3 عادي',            N'29.7x42 سم', 80.00, 4000.00,  N'أبيض',     50, 1.60, 20),
(N'ورق غلوسي A4',           N'21x29.7 سم',150.00, 4500.00,  N'لامع',     30, 1.50, 10),
(N'ورق مقوى كرتون',         N'30x40 سم',  200.00, 6000.00,  N'بني',      30, 2.00, 15),
(N'ورق مصقول A5',           N'14.8x21 سم',120.00, 3600.00,  N'أبيض',     30, 1.20, 10),
(N'ورق فني أسود',           N'21x29.7 سم',160.00, 3200.00,  N'أسود',     20, 1.60, 10),
(N'ورق ملون أصفر',          N'21x29.7 سم',100.00, 2000.00,  N'أصفر',     20, 1.00, 10),
(N'ورق ملون أحمر',          N'21x29.7 سم',100.00, 1500.00,  N'أحمر',     15, 1.00, 5),
(N'ورق ملون أزرق',          N'21x29.7 سم',100.00, 1800.00,  N'أزرق',     18, 1.00, 5),
(N'ورق تقني شفاف',          N'21x29.7 سم',90.00,  900.00,  N'شفاف',    10, 0.90, 5),
(N'ورق حراري ATM',          N'80x100 سم',  70.00, 7000.00,  N'أبيض',    100, 0.70, 50),
(N'ورق لاصق A4',            N'21x29.7 سم',120.00, 2400.00,  N'أبيض',     20, 1.20, 10),
(N'ورق فني سماوي',          N'21x29.7 سم',140.00, 2800.00,  N'سماوي',    20, 1.40, 10),
(N'ورق مقوى أبيض',          N'30x40 سم',  250.00, 5000.00,  N'أبيض',     20, 2.50, 10),
(N'ورق تصوير حراري',        N'21x29.7 سم', 90.00,  1800.00,  N'أبيض',     20, 0.90, 10),
(N'ورق بطاقات العمل',       N'10x5 سم',   200.00, 2000.00,  N'أبيض',     10, 2.00, 5),
(N'ورق كرتون أبيض',         N'40x60 سم',  300.00, 3000.00,  N'أبيض',     10, 3.00, 5),
(N'ورق ملصقات شفاف',        N'A4',        120.00, 2400.00,  N'شفاف',     20, 1.20, 10),
(N'ورق بطاقات معايدة',       N'15x15 سم',  150.00, 2250.00,  N'ملون',     15, 1.50, 5),
(N'ورق فني أخضر',           N'21x29.7 سم',140.00, 2800.00,  N'أخضر',     20, 1.40, 10),
(N'ورق فني بنفسجي',         N'21x29.7 سم',140.00, 2100.00,  N'بنفسجي',   15, 1.40, 10),
(N'ورق حراري POS',          N'80x100 سم',  70.00, 1400.00,  N'أبيض',     20, 0.70, 10),
(N'ورق غلوسي A3',           N'29.7x42 سم',150.00, 3000.00,  N'لامع',     20, 1.50, 10),
(N'ورق فني رمادي',          N'21x29.7 سم',130.00, 2600.00,  N'رمادي',    20, 1.30, 10),
(N'ورق مقوى أحمر',          N'30x40 سم',  250.00, 2500.00,  N'أحمر',     10, 2.50, 5),
(N'ورق لاصق شفاف',          N'10x15 سم',  100.00, 1000.00,  N'شفاف',     10, 1.00, 5),
(N'ورق بطاقات VIP',         N'9x5 سم',    250.00, 1250.00,  N'ذهبي',     5,  2.50, 5),
(N'ورق فني أحمر غامق',       N'21x29.7 سم',140.00, 1400.00,  N'أحمر',     10, 1.40, 5),
(N'ورق فني أزرق داكن',       N'21x29.7 سم',140.00, 2800.00,  N'أزرق',     20, 1.40, 10),
(N'ورق تصوير فوتوغرافي',     N'10x15 سم',  200.00, 2000.00,  N'لامع',     10, 2.00, 5);


---------------------------------
-- Insert into Ink Table
---------------------------------
INSERT INTO Ink (name, totalBalance, colored, price, quantity, reorderPoint)
VALUES
('حبر أسود', 1000.00, 'لا', 50.00, 100, 100.00),
('حبر أزرق', 500.00, 'نعم', 60.00, 50, 50.00),
('حبر أحمر', 300.00, 'نعم', 70.00, 30, 30.00),
('حبر أخضر', 400.00, 'نعم', 80.00, 40, 40.00),
('حبر أصفر', 200.00, 'نعم', 90.00, 20, 20.00),
('حبر بني', 600.00, 'نعم', 100.00, 60, 60.00),
('حبر رمادي', 350.00, 'لا', 55.00, 35, 35.00),
('حبر وردي', 250.00, 'نعم', 65.00, 25, 25.00),
('حبر برتقالي', 450.00, 'نعم', 75.00, 45, 45.00),
('حبر بنفسجي', 150.00, 'نعم', 85.00, 15, 15.00),
('حبر فضي', 200.00, 'نعم', 95.00, 20, 20.00),
('حبر ذهبي', 400.00, 'نعم', 105.00, 40, 40.00),
('حبر أزرق فاتح', 300.00, 'نعم', 115.00, 30, 30.00),
('حبر أحمر داكن', 150.00, 'نعم', 125.00, 15, 15.00),
('حبر أخضر فاتح', 350.00, 'نعم', 135.00, 35, 35.00),
('حبر أصفر داكن', 100.00, 'نعم', 145.00, 10, 10.00),
('حبر بني فاتح', 500.00, 'نعم', 155.00, 50, 50.00),
('حبر رمادي داكن', 250.00, 'لا', 165.00, 25, 25.00),
('حبر وردي فاتح', 450.00, 'نعم', 175.00, 45, 45.00),
('حبر برتقالي داكن', 150.00, 'نعم', 185.00, 15, 15.00),
('حبر بنفسجي فاتح', 200.00, 'نعم', 195.00, 20, 20.00),
('حبر فضي داكن', 400.00, 'نعم', 205.00, 40, 40.00),
('حبر ذهبي فاتح', 300.00, 'نعم', 215.00, 30, 30.00),
('حبر أزرق داكن', 150.00, 'نعم', 225.00, 15, 15.00),
('حبر أحمر فاتح', 350.00, 'نعم', 235.00, 35, 35.00),
('حبر أخضر داكن', 100.00, 'نعم', 245.00, 10, 10.00),
('حبر أصفر فاتح', 500.00, 'نعم', 255.00, 50, 50.00),
('حبر بني داكن', 250.00, 'نعم', 265.00, 25, 25.00),
('حبر رمادي فاتح', 450.00, 'لا', 275.00, 45, 45.00),
('حبر وردي داكن', 150.00, 'نعم', 285.00, 15, 15.00);
GO

-- batch 2

-- إدراج 30 سجلًا في جدول Ink ببيانات واقعية باللغة العربية
INSERT INTO Ink (name, totalBalance, colored, price, quantity, averageQuantity, numberOfUnits, reorderPoint) VALUES
(N'حبر أسود طباعة عادي',      500.00, N'أسود',   0.05, 10000, 1000, 10, 200.00),
(N'حبر أسود عالي الجودة',      300.00, N'أسود',   0.10, 3000,  300,  5, 100.00),
(N'حبر ملون أحمر',            150.00, N'أحمر',   0.08, 1875,  250,  5, 50.00),
(N'حبر ملون أزرق',            150.00, N'أزرق',   0.08, 1875,  250,  5, 50.00),
(N'حبر ملون أصفر',            150.00, N'أصفر',   0.08, 1875,  250,  5, 50.00),
(N'حبر فوتوغرافي',            200.00, N'لامع',   0.12, 1666,  200, 15, 60.00),
(N'حبر حراري',                300.00, N'أبيض',   0.06, 5000,  500, 10, 150.00),
(N'حبر صبغي',                 100.00, N'بني',    0.09, 1111,  185, 10, 40.00),
(N'حبر شفاف لتغليف',          120.00, N'شفاف',   0.07, 1714,  250, 10, 50.00),
(N'حبر لاصق ورقي',            80.00,  N'شفاف',   0.05, 1600,  200, 10, 40.00),
(N'حبر نافثة للحبر',          60.00,  N'أسود',   0.15, 400,   100,  5, 30.00),
(N'حبر طباعة أقمشة',          50.00,  N'ملون',   0.20, 250,    50,  5, 20.00),
(N'حبر نفث حراري',            200.00, N'أسود',   0.05, 4000,  400, 10, 100.00),
(N'حبر جاف',                  90.00,  N'أبيض',   0.10, 900,    90,  5, 30.00),
(N'حبر رش الألوان',           110.00, N'متعدد', 0.11, 1000,  100, 10, 40.00),
(N'حبر لشاشات الطباعة',       130.00, N'متعدد', 0.09, 1444,  120, 10, 50.00),
(N'حبر نقش',                  70.00,  N'أسود',   0.07, 1000,  100, 10, 40.00),
(N'حبر تغليف بلاستيكي',       85.00,  N'متعدد', 0.08, 1062,  125, 10, 45.00),
(N'حبر لافتات خارجية',        120.00, N'ملون',   0.12, 1000,  100, 10, 50.00),
(N'حبر تغليف داخلي',          95.00,  N'شفاف',   0.10, 950,    95,  5, 35.00),
(N'حبر علامات دائمة',         60.00,  N'أسود',   0.06, 1000,  100, 10, 40.00),
(N'حبر نقش معدني',            45.00,  N'فضي',    0.15, 300,    60,  5, 30.00),
(N'حبر نقش ذهبي',            45.00,  N'ذهبي',   0.15, 300,    60,  5, 30.00),
(N'حبر خاص للليزر',          100.00, N'أسود',   0.20, 500,    100,  5, 40.00),
(N'حبر سائل للقص',           55.00,  N'أحمر',   0.07, 785,   125,  5, 35.00),
(N'حبر صبغي أخضر',           80.00,  N'أخضر',   0.09, 888,   150,  5, 40.00),
(N'حبر تلوين أقمشة',         70.00,  N'متعدد', 0.13, 538,    70,  5, 30.00),
(N'حبر نقش حراري',           150.00, N'شفاف',   0.10,1500,  150, 10, 60.00),
(N'حبر نقش جاف',             65.00,  N'أسود',   0.08, 812,   100,  5, 35.00),
(N'حبر نفث ألوان مختلطة',    140.00, N'متعدد', 0.14,1000,  200, 10, 70.00);



---------------------------------
-- Insert into Supplies Table
---------------------------------
INSERT INTO Supplies (name, totalBalance, price, quantity, reorderPoint)
VALUES
('أقلام حبر', 1000.00, 5.00, 100, 100.00),
('أقلام رصاص', 500.00, 2.00, 50, 50.00),
('أقلام تخطيط', 300.00, 10.00, 30, 30.00),
('أقلام ماركر', 400.00, 15.00, 40, 40.00),
('أقلام جاف', 200.00, 20.00, 20, 20.00),
('أقلام فلوماستر', 600.00, 25.00, 60, 60.00),
('أقلام تلوين', 350.00, 30.00, 35, 35.00),
('أقلام حبر جاف', 250.00, 35.00, 25, 25.00),
('أقلام رصاص فنية', 450.00, 40.00, 45, 45.00),
('أقلام تخطيط فاخرة', 150.00, 45.00, 15, 15.00),
('أقلام ماركر فاخرة', 200.00, 50.00, 20, 20.00),
('أقلام جاف فاخرة', 400.00, 55.00, 40, 40.00),
('أقلام فلوماستر فاخرة', 300.00, 60.00, 30, 30.00),
('أقلام تلوين فاخرة', 150.00, 65.00, 15, 15.00),
('أقلام حبر جاف فاخرة', 350.00, 70.00, 35, 35.00),
('أقلام رصاص فنية فاخرة', 100.00, 75.00, 10, 10.00),
('أقلام تخطيط فاخرة', 500.00, 80.00, 50, 50.00),
('أقلام ماركر فاخرة', 250.00, 85.00, 25, 25.00),
('أقلام جاف فاخرة', 450.00, 90.00, 45, 45.00),
('أقلام فلوماستر فاخرة', 150.00, 95.00, 15, 15.00),
('أقلام تلوين فاخرة', 200.00, 100.00, 20, 20.00),
('أقلام حبر جاف فاخرة', 400.00, 105.00, 40, 40.00),
('أقلام رصاص فنية فاخرة', 300.00, 110.00, 30, 30.00),
('أقلام تخطيط فاخرة', 150.00, 115.00, 15, 15.00),
('أقلام ماركر فاخرة', 350.00, 120.00, 35, 35.00),
('أقلام جاف فاخرة', 100.00, 125.00, 10, 10.00),
('أقلام فلوماستر فاخرة', 500.00, 130.00, 50, 50.00),
('أقلام تلوين فاخرة', 250.00, 135.00, 25, 25.00),
('أقلام حبر جاف فاخرة', 450.00, 140.00, 45, 45.00),
('أقلام رصاص فنية فاخرة', 150.00, 145.00, 15, 15.00);
GO

-- batch 2

-- إدراج 30 سجلًا في جدول Supplies ببيانات واقعية باللغة العربية
INSERT INTO Supplies (name, totalBalance, price, quantity, reorderPoint) VALUES
(N'لاصق شفاف',           200.00, 0.05, 4000, 500.00),
(N'لاصق ملون',           150.00, 0.07, 2142, 300.00),
(N'أغلفة بلاستيكية',      300.00, 0.10, 3000, 500.00),
(N'شرائط ترميز',         100.00, 0.20, 500,  100.00),
(N'شرائط فيلم',          250.00, 0.15, 1666, 200.00),
(N'رؤوس تنظيف ماكينة',   50.00,  1.00, 50,   10.00),
(N'فلاتر هواء',          75.00,  2.00, 37,   5.00),
(N'قطع غيار ميكانيكية',   120.00, 5.00, 24,   10.00),
(N'أحزمة نقل',            80.00,  1.50, 53,   20.00),
(N'شرائط تقطيع',         60.00,  0.30, 200,  50.00),
(N'مراوح تبريد',         90.00,  3.00, 30,   10.00),
(N'مفاتيح تشغيل',        40.00,  0.80, 50,   10.00),
(N'أسلاك كهربائية',      110.00, 1.20, 91,   20.00),
(N'أنابيب نفث',           70.00,  0.25, 280,  50.00),
(N'طلاء واقٍ',           30.00,  0.50, 60,   15.00),
(N'أدوات ضبط الألوان',     20.00,  1.50, 13,   5.00),
(N'مسامير تثبيت',         10.00,  0.10, 100,  20.00),
(N'صواميل تثبيت',          5.00,   0.05, 100,  20.00),
(N'أقفال أمان',           15.00,  0.20, 75,   20.00),
(N'عجلات ماكينات',       25.00,  2.00, 12,   5.00),
(N'غطاء واقٍ',            35.00,  1.00, 35,   10.00),
(N'أقلام تحديد',          45.00,  0.15, 300,  50.00),
(N'أقلام عرض',            55.00,  0.10, 550,  100.00),
(N'لوحات تشطيب',          65.00,  0.75, 86,   20.00),
(N'فرش تنظيف',           75.00,  0.30, 250,  50.00),
(N'مكابس يدوية',         85.00,  2.50, 34,   10.00),
(N'مقابض أمان',           95.00,  1.20, 79,   20.00),
(N'براغي ضغط',           105.00, 1.00, 105,  30.00),
(N'مفاتيح فحص',          115.00, 1.50, 76,   25.00),
(N'عداد رقمي',           125.00, 5.00, 25,   10.00);


---------------------------------
-- Insert into PurchaseOrder Table
---------------------------------
INSERT INTO PurchaseOrder (purchaseDate, employeeID, vendorID, purchaseNotes)
VALUES
('2023-10-01', 'EMP001', 1, 'شراء ورق أبيض'),
('2023-10-02', 'EMP002', 2, 'شراء حبر أسود'),
('2023-10-03', 'EMP003', 3, 'شراء أقلام حبر'),
('2023-10-04', 'EMP004', 4, 'شراء ورق ملون'),
('2023-10-05', 'EMP005', 5, 'شراء حبر أزرق'),
('2023-10-06', 'EMP006', 6, 'شراء أقلام رصاص'),
('2023-10-07', 'EMP007', 7, 'شراء ورق فاخر'),
('2023-10-08', 'EMP008', 8, 'شراء حبر أحمر'),
('2023-10-09', 'EMP009', 9, 'شراء أقلام تخطيط'),
('2023-10-10', 'EMP010', 10, 'شراء ورق لامع'),
('2023-10-11', 'EMP011', 11, 'شراء حبر أخضر'),
('2023-10-12', 'EMP012', 12, 'شراء أقلام ماركر'),
('2023-10-13', 'EMP013', 13, 'شراء ورق كرتون'),
('2023-10-14', 'EMP014', 14, 'شراء حبر أصفر'),
('2023-10-15', 'EMP015', 15, 'شراء أقلام جاف'),
('2023-10-16', 'EMP016', 16, 'شراء ورق جرائد'),
('2023-10-17', 'EMP017', 17, 'شراء حبر بني'),
('2023-10-18', 'EMP018', 18, 'شراء أقلام فلوماستر'),
('2023-10-19', 'EMP019', 19, 'شراء ورق فوتو'),
('2023-10-20', 'EMP020', 20, 'شراء حبر رمادي'),
('2023-10-21', 'EMP021', 21, 'شراء أقلام تلوين'),
('2023-10-22', 'EMP022', 22, 'شراء ورق رسم'),
('2023-10-23', 'EMP023', 23, 'شراء حبر وردي'),
('2023-10-24', 'EMP024', 24, 'شراء أقلام حبر جاف'),
('2023-10-25', 'EMP025', 25, 'شراء ورق لاصق'),
('2023-10-26', 'EMP026', 26, 'شراء حبر برتقالي'),
('2023-10-27', 'EMP027', 27, 'شراء أقلام رصاص فنية'),
('2023-10-28', 'EMP028', 28, 'شراء ورق مقوى'),
('2023-10-29', 'EMP029', 29, 'شراء حبر بنفسجي'),
('2023-10-30', 'EMP030', 30, 'شراء أقلام تخطيط فاخرة');
GO

-- mariam from 31 to 60

-- إدراج 30 سجلاً في جدول PurchaseOrder ببيانات حقيقية
INSERT INTO PurchaseOrder (
    purchaseDate,
    employeeID,
    remainingAmount,
    paidAmount,
    vendorID,
    purchaseNotes
)
VALUES
('2025-01-10', N'EMP003', 1500.00, 3500.00, 12, N'شراء حبر وماكينات صغيرة'),
('2025-01-15', N'EMP017', 0.00, 2750.50, 27, N'دفعة كاملة لورق الطباعة'),
('2025-01-22', N'EMP025', 500.00, 2000.00, 45, N'دفعة جزئية لقطع غيار الماكينة'),
('2025-02-02', N'EMP008', 0.00, 3200.75, 8,  N'شراء ألواح بلاستيكية'),
('2025-02-10', N'EMP044', 750.00, 1250.00, 33, N'دفعة أولى للمواد الخام'),
('2025-02-18', N'EMP011', 0.00, 4000.00, 19, N'فاتورة كاملة لحبر تجليد'),
('2025-02-25', N'EMP052', 1200.00, 1800.00, 50, N'دفعة أولى لأوراق حرارية'),
('2025-03-05', N'EMP016', 0.00, 2750.25, 29, N'شراء شاشات طباعة خاصة'),
('2025-03-12', N'EMP031', 300.00, 1700.00, 6,  N'دفعة جزئية لورق كربوني'),
('2025-03-20', N'EMP059', 0.00, 3500.00, 41, N'دفع كامل لقطع غيار'),
('2025-03-27', N'EMP007', 650.00, 1350.00, 22, N'دفعة أولى لشراء أحبار ملونة'),
('2025-04-03', N'EMP045', 0.00, 2900.00, 17, N'سداد كامل لطلب لاصقات'),
('2025-04-09', N'EMP013', 400.00, 1600.00, 39, N'دفعة أولى لأدوات تشطيب'),
('2025-04-15', N'EMP049', 0.00, 3100.50, 3,  N'دفعة كاملة لأشرطة لاصقة'),
('2025-04-21', N'EMP021', 950.00, 2050.00, 48, N'دفعة أولى لأكياس تغليف'),
('2025-04-28', N'EMP037', 0.00, 3600.00, 26, N'سداد كامل لورق حراري'),
('2025-05-04', N'EMP055', 500.00, 2500.00, 14, N'دفعة جزئية لصمغ سريع'),
('2025-05-10', N'EMP006', 0.00, 2800.00, 51, N'دفع كامل لطلاء خاص'),
('2025-05-16', N'EMP041', 300.00, 1700.00, 35, N'دفعة أولى لمواد تشطيب'),
('2025-05-22', N'EMP018', 0.00, 3300.00, 5,  N'سداد كامل لشراء ماكينات صغيرة'),
('2025-05-28', N'EMP029', 850.00, 2150.00, 44, N'دفعة أولى لأحبار ملونة'),
('2025-06-02', N'EMP014', 0.00, 3000.00, 11, N'دفع كامل لأوراق خاصة'),
('2025-06-06', N'EMP048', 600.00, 1400.00, 38, N'دفعة أولى لأشرطة مغناطيسية'),
('2025-06-10', N'EMP027', 0.00, 3500.00, 2,  N'سداد كامل لمواد بلاستيكية'),
('2025-06-11', N'EMP034', 450.00, 1550.00, 57, N'دفعة جزئية لقطع غيار'),
('2025-06-12', N'EMP050', 0.00, 2600.00, 31, N'دفع كامل لأكياس تغليف'),
('2025-06-13', N'EMP002', 700.00, 1300.00, 20, N'دفعة أولى لحبر تجليد'),
('2025-06-14', N'EMP036', 0.00, 2900.00, 16, N'سداد كامل لشراء أفلام حماية'),
('2025-06-14', N'EMP060', 500.00, 2000.00, 28, N'دفعة جزئية لأوراق حرارية');      

---------------------------------
-- Insert into PhysicalCountOrder Table
---------------------------------
INSERT INTO PhysicalCountOrder (physicalCountDate, employeeID, physicalCountNotes)
VALUES
('2023-10-01', 'EMP001', 'جرد ورق أبيض'),
('2023-10-02', 'EMP002', 'جرد حبر أسود'),
('2023-10-03', 'EMP003', 'جرد أقلام حبر'),
('2023-10-04', 'EMP004', 'جرد ورق ملون'),
('2023-10-05', 'EMP005', 'جرد حبر أزرق'),
('2023-10-06', 'EMP006', 'جرد أقلام رصاص'),
('2023-10-07', 'EMP007', 'جرد ورق فاخر'),
('2023-10-08', 'EMP008', 'جرد حبر أحمر'),
('2023-10-09', 'EMP009', 'جرد أقلام تخطيط'),
('2023-10-10', 'EMP010', 'جرد ورق لامع'),
('2023-10-11', 'EMP011', 'جرد حبر أخضر'),
('2023-10-12', 'EMP012', 'جرد أقلام ماركر'),
('2023-10-13', 'EMP013', 'جرد ورق كرتون'),
('2023-10-14', 'EMP014', 'جرد حبر أصفر'),
('2023-10-15', 'EMP015', 'جرد أقلام جاف'),
('2023-10-16', 'EMP016', 'جرد ورق جرائد'),
('2023-10-17', 'EMP017', 'جرد حبر بني'),
('2023-10-18', 'EMP018', 'جرد أقلام فلوماستر'),
('2023-10-19', 'EMP019', 'جرد ورق فوتو'),
('2023-10-20', 'EMP020', 'جرد حبر رمادي'),
('2023-10-21', 'EMP021', 'جرد أقلام تلوين'),
('2023-10-22', 'EMP022', 'جرد ورق رسم'),
('2023-10-23', 'EMP023', 'جرد حبر وردي'),
('2023-10-24', 'EMP024', 'جرد أقلام حبر جاف'),
('2023-10-25', 'EMP025', 'جرد ورق لاصق'),
('2023-10-26', 'EMP026', 'جرد حبر برتقالي'),
('2023-10-27', 'EMP027', 'جرد أقلام رصاص فنية'),
('2023-10-28', 'EMP028', 'جرد ورق مقوى'),
('2023-10-29', 'EMP029', 'جرد حبر بنفسجي'),
('2023-10-30', 'EMP030', 'جرد أقلام تخطيط فاخرة');
GO

-- mariam from 31 to 60

-- إدراج 30 سجلاً في جدول PhysicalCountOrder ببيانات حقيقية
INSERT INTO PhysicalCountOrder (
    employeeID,
    physicalCountDate,
    physicalCountNotes
)
VALUES
(N'EMP005', '2025-01-10', N'جرد مبدئي لقسم الورق'),
(N'EMP012', '2025-01-15', N'التدقيق النهائي لمخزون الحبر'),
(N'EMP019', '2025-01-22', N'مراجعة عدّ القطع الصغيرة'),
(N'EMP026', '2025-01-28', N'جرد احتياطي لمواد التعبئة'),
(N'EMP033', '2025-02-03', N'تطابق الأرصد مع النظام'),
(N'EMP040', '2025-02-10', N'جرد خاص بألواح البلاستيك'),
(N'EMP047', '2025-02-16', N'إعادة عدّ لمخزون الأحبار'),
(N'EMP054', '2025-02-22', N'تدقيق رؤوس الطابعات'),
(N'EMP002', '2025-03-01', N'جرد قطع الغيار'),
(N'EMP009', '2025-03-07', N'مراجعة عدد الأكياس البلاستيكية'),
(N'EMP016', '2025-03-14', N'تدقيق ملصقات الشحن'),
(N'EMP023', '2025-03-20', N'جرد خاص بأشرطة لاصقة'),
(N'EMP030', '2025-03-26', N'مراجعة مركزية لمخزون الورق الحراري'),
(N'EMP037', '2025-04-02', N'إعادة عدّ لقوائم القطع'),
(N'EMP044', '2025-04-08', N'تدقيق عدد الألواح الخشبية'),
(N'EMP051', '2025-04-14', N'جرد المواد الكيميائية'),
(N'EMP058', '2025-04-20', N'مراجعة أرصدة الفلتر والحبر'),
(N'EMP004', '2025-04-26', N'تدقيق مخزون الأفلام الواقية'),
(N'EMP011', '2025-05-02', N'جرد العناصر الصغيرة'),
(N'EMP018', '2025-05-08', N'تطابق العدد اليدوي والإلكتروني'),
(N'EMP025', '2025-05-14', N'مراجعة أرصدة الكربونات'),
(N'EMP032', '2025-05-20', N'جرد لوحات الرسم البياني'),
(N'EMP039', '2025-05-26', N'تدقيق قطع الماكينات'),
(N'EMP046', '2025-06-01', N'عدّ الأشرطة المغناطيسية'),
(N'EMP053', '2025-06-05', N'جرد ملصقات الشركة'),
(N'EMP060', '2025-06-09', N'مراجعة المخزون الاستراتيجي'),
(N'EMP003', '2025-06-10', N'تدقيق عدد الأغطية البلاستيكية'),
(N'EMP010', '2025-06-11', N'جرد دفعة المواد الجديدة'),
(N'EMP017', '2025-06-12', N'مراجعة يدويّة للقطع الصغيرة'),
(N'EMP024', '2025-06-13', N'تدقيق نهائي لمخزون التجهيزات');

---------------------------------
-- Insert into QuantityBridge Table
---------------------------------
INSERT INTO QuantityBridge
   (price,
    returnID,
    purchaseID,
    quantity,
    numberOfUnits,      -- now explicitly set
    averageQuantity,
    requisiteID,
    paperID,
    inkID,
    suppliesID,
    physicalCountID)
VALUES
   ( 10.00,  1,  1, 100, 100, 100,  1,  1,  1,  1,  1),
   ( 20.00,  2,  2,  50,  50,  50,  2,  2,  2,  2,  2),
   ( 30.00,  3,  3,  30,  30,  30,  3,  3,  3,  3,  3),
   ( 40.00,  4,  4,  40,  40,  40,  4,  4,  4,  4,  4),
   ( 50.00,  5,  5,  20,  20,  20,  5,  5,  5,  5,  5),
   ( 60.00,  6,  6,  60,  60,  60,  6,  6,  6,  6,  6),
   ( 70.00,  7,  7,  35,  35,  35,  7,  7,  7,  7,  7),
   ( 80.00,  8,  8,  25,  25,  25,  8,  8,  8,  8,  8),
   ( 90.00,  9,  9,  45,  45,  45,  9,  9,  9,  9,  9),
   (100.00, 10, 10,  15,  15,  15, 10, 10, 10, 10, 10),
   (110.00, 11, 11,  20,  20,  20, 11, 11, 11, 11, 11),
   (120.00, 12, 12,  40,  40,  40, 12, 12, 12, 12, 12),
   (130.00, 13, 13,  30,  30,  30, 13, 13, 13, 13, 13),
   (140.00, 14, 14,  15,  15,  15, 14, 14, 14, 14, 14),
   (150.00, 15, 15,  35,  35,  35, 15, 15, 15, 15, 15),
   (160.00, 16, 16,  10,  10,  10, 16, 16, 16, 16, 16),
   (170.00, 17, 17,  50,  50,  50, 17, 17, 17, 17, 17),
   (180.00, 18, 18,  25,  25,  25, 18, 18, 18, 18, 18),
   (190.00, 19, 19,  45,  45,  45, 19, 19, 19, 19, 19),
   (200.00, 20, 20,  15,  15,  15, 20, 20, 20, 20, 20),
   (210.00, 21, 21,  20,  20,  20, 21, 21, 21, 21, 21),
   (220.00, 22, 22,  40,  40,  40, 22, 22, 22, 22, 22),
   (230.00, 23, 23,  30,  30,  30, 23, 23, 23, 23, 23),
   (240.00, 24, 24,  15,  15,  15, 24, 24, 24, 24, 24),
   (250.00, 25, 25,  35,  35,  35, 25, 25, 25, 25, 25),
   (260.00, 26, 26,  10,  10,  10, 26, 26, 26, 26, 26),
   (270.00, 27, 27,  50,  50,  50, 27, 27, 27, 27, 27),
   (280.00, 28, 28,  25,  25,  25, 28, 28, 28, 28, 28),
   (290.00, 29, 29,  45,  45,  45, 29, 29, 29, 29, 29),
   (300.00, 30, 30,  15,  15,  15, 30, 30, 30, 30, 30);
GO

-- mariam from 31 to 60
-- إدراج 30 سجلاً في جدول QuantityBridge ببيانات حقيقية
INSERT INTO QuantityBridge (
    price,
    returnID,
    purchaseID,
    quantity,
    numberOfUnits,
    unitPrice,
    totalBalance,
    oldQuantity,
    oldPrice,
    oldTotalBalance,
    requisiteID,
    paperID,
    inkID,
    suppliesID,
    physicalCountID,
    perpetualRequisiteID,
    machineStoreID,
    sparePartsID
)
VALUES
(150.00,  1,  5,  20,  2,  75.00, 150.00, 18, 140.00, 2520.00,  3, 10,  8, 12, 15,  2,  4,  7),
(200.50,  2,  8,  10,  1, 200.50, 200.50, 12, 180.00, 2160.00,  5, 20, 15,  5, 22,  6, 12, 18),
(120.75,  3, 12,  30,  3,  40.25, 120.75, 25, 100.00, 2500.00,  8,  5,  3,  8,  9, 11, 16, 20),
( 80.00,  4, 15,  50,  5,  16.00,  80.00, 55,  75.00, 4125.00, 12, 12,  9, 15, 18, 14, 20, 25),
(300.00,  5, 18,   8,  2, 150.00, 300.00, 10, 280.00, 2800.00, 15, 18, 12,  7, 20, 17, 25, 30),
( 95.20,  6, 22,  25,  5,  19.04,  95.20, 20,  90.00, 1800.00, 18, 25, 20, 18, 27, 21, 30, 35),
(175.75,  7, 25,  15,  1, 175.75, 175.75, 12, 160.00, 1920.00, 20, 30, 18, 22, 32, 24, 35, 40),
(250.00,  8, 28,  12,  3,  83.33, 250.00, 14, 230.00, 3220.00, 22, 35, 25, 10, 38, 27, 40, 45),
( 60.00,  9, 32, 100, 10,   6.00,  60.00, 90,  55.00, 4950.00, 25, 40, 30, 28, 45, 30, 45, 50),
(420.10, 10, 35,   4,  1, 420.10, 420.10,  5, 400.00, 2000.00, 28, 45, 35, 32, 50, 33, 50, 55),
( 50.50, 11, 38,  60,  6,   8.42,  50.50, 55,  48.00, 2640.00, 30, 50, 40, 38, 55, 36, 55, 60),
(310.00, 12, 42,   6,  2, 155.00, 310.00,  7, 300.00, 2100.00, 33, 55, 45, 42, 60, 39, 59,  2),
(180.25, 13, 45,  20,  4,  45.06, 180.25, 18, 170.00, 3060.00, 35, 60, 50, 45,  3, 42,  3,  5),
(220.00, 14, 48,  10,  2, 110.00, 220.00, 12, 200.00, 2400.00, 38,  2, 55, 48,  8, 45,  5, 10),
( 90.30, 15, 52,  40,  5,  18.06,  90.30, 35,  85.00, 2975.00, 40,  7, 60, 52, 12, 48, 10, 15),
(135.50, 16, 55,  18,  3,  45.17, 135.50, 20, 125.00, 2500.00, 42, 12,  4, 55, 18, 51, 15, 20),
(270.00, 17, 58,   5,  1, 270.00, 270.00,  6, 260.00, 1560.00, 45, 18,  8, 58, 22, 54, 20, 25),
(160.75, 18,  2,  22,  2,  80.38, 160.75, 20, 150.00, 3000.00, 48, 22, 12,  2, 25, 57, 25, 30),
( 70.00, 19,  5,  80,  8,   8.75,  70.00, 75,  65.00, 4875.00, 50, 25, 15,  5, 28, 60, 30, 35),
(310.25, 20,  8,   7,  1, 310.25, 310.25,  8, 300.00, 2400.00, 52, 28, 18,  8, 32,  3, 35, 40),
( 55.50, 21, 12,  90,  9,   6.17,  55.50, 85,  50.00, 4250.00, 55, 32, 20, 12, 36,  6, 40, 45),
(245.00, 22, 15,  10,  2, 122.50, 245.00, 12, 230.00, 2760.00, 58, 35, 25, 15, 40,  9, 45, 50),
( 82.80, 23, 18,  50,  5,  16.56,  82.80, 45,  75.00, 3375.00,  2, 38, 30, 18, 45, 12, 50, 55),
(199.90, 24, 22,  12,  2,  99.95, 199.90, 10, 190.00, 1900.00,  5, 40, 35, 22, 50, 15, 55, 60),
(140.00, 25, 25,  20,  4,  35.00, 140.00, 18, 130.00, 2340.00,  8, 42, 40, 25,  3, 18, 60,  2),
(360.00, 26, 28,   6,  1, 360.00, 360.00,  5, 350.00, 1750.00, 12, 45, 45, 28,  7, 21,  2,  5),
( 65.25, 27, 32,  75,  7,   9.32,  65.25, 70,  60.00, 4200.00, 15, 48, 50, 32, 12, 24,  5, 10),
(210.00, 28, 35,  14,  2, 105.00, 210.00, 16, 200.00, 3200.00, 18, 50, 55, 35, 16, 27, 10, 15),
( 95.75, 29, 38,  40,  4,  23.94,  95.75, 38,  90.00, 3420.00, 20, 55, 60, 38, 20, 30, 15, 20),
(280.00, 30, 42,   8,  1, 280.00, 280.00,  9, 270.00, 2430.00, 22, 60,  2, 42, 25, 33, 20, 25);


---------------------------------
-- Insert into ColorWeightSize Table
---------------------------------


INSERT INTO ColorWeightSize (type, size, weight, colored)
VALUES
(1, N'كبير', 15.75, N'أحمر'),
(0, N'صغير', 3.20, N'أزرق'),
(2, N'وسط', 8.45, N'أخضر'),
(1, N'XL', 22.10, N'أسود'),
(0, N'متوسط', 5.60, N'أبيض'),
(2, N'30x40', 12.80, N'ذهبي'),
(1, N'كبير جداً', 18.25, N'فضي'),
(0, N'صغير جداً', 1.75, N'برتقالي'),
(2, N'28 سم', 7.30, N'أرجواني'),
(1, N'L', 14.90, N'بني'),
(0, N'XS', 2.45, N'زهري'),
(2, N'50x70', 25.00, N'أصفر'),
(1, N'وسط', 9.15, N'رمادي'),
(0, N'40x60', 20.50, N'مرجاني'),
(2, N'متوسط', 6.75, N'تركواز'),
(1, N'كبير', 16.40, N'كريمي'),
(0, N'صغير', 3.90, N'بنفسجي'),
(2, N'S', 4.25, N'أحمر داكن'),
(1, N'25x35', 11.20, N'أخضر فاتح'),
(0, N'M', 5.00, N'أزرق سماوي');

-- إدراج 30 سجلًا في جدول ColorWeightSize ببيانات واقعية باللغة العربية
INSERT INTO ColorWeightSize (type, size, weight, colored) VALUES
(0, N'A4',         80.00,  N'أبيض'),
(0, N'A3',        150.00,  N'أبيض'),
(0, N'A5',        120.00,  N'ملون'),
(0, N'10x15 سم',  200.00,  N'أسود'),
(0, N'21x30 سم',   90.00,  N'أحمر'),
(0, N'30x40 سم',  250.00,  N'أزرق'),
(0, N'14x20 سم',  100.00,  N'أصفر'),
(0, N'5x7 إنش',    80.00,  N'أخضر'),
(0, N'12x18 سم',  110.00,  N'برتقالي'),
(0, N'8.5x11 إنش', 85.00,  N'رمادي'),
(1, N'A4',         75.00,  N'أسود'),
(1, N'A3',        140.00,  N'أبيض'),
(1, N'A5',        130.00,  N'ملون'),
(1, N'10x15 سم',  180.00,  N'أحمر'),
(1, N'21x30 سم',   95.00,  N'أزرق'),
(1, N'30x40 سم',  240.00,  N'أصفر'),
(1, N'14x20 سم',  105.00,  N'بنفسجي'),
(1, N'5x7 إنش',    90.00,  N'بني'),
(1, N'12x18 سم',  115.00,  N'رمادي'),
(1, N'8.5x11 إنش', 95.00,  N'أخضر'),
(2, N'A4',         70.00,  N'شفاف'),
(2, N'A3',        145.00,  N'شفاف'),
(2, N'A5',        125.00,  N'شفاف'),
(2, N'10x15 سم',  190.00,  N'شفاف'),
(2, N'21x30 سم',   92.00,  N'شفاف'),
(2, N'30x40 سم',  255.00,  N'شفاف'),
(2, N'14x20 سم',  108.00,  N'شفاف'),
(2, N'5x7 إنش',    88.00,  N'شفاف'),
(2, N'12x18 سم',  118.00,  N'شفاف'),
(2, N'8.5x11 إنش', 98.00,  N'شفاف');


-- mariam from 31 to 60

-- إدراج 30 سجلاً في جدول JobOrder ببيانات حقيقية
INSERT INTO JobOrder (
    remainingAmount,
    unearnedRevenue,
    jobOrdernotes,
    earnedRevenue,
    jobOrderSource,
    orderProgress,
    customerID,
    startDate,
    endDate,
    employeeID
)
VALUES
(1500.00, 1500.00, N'طلب طباعة بروشورات دعائية', 3500.00, N'تعاقد مباشر', N'قيد التنفيذ', 12, '2025-01-05', '2025-01-20', N'EMP003'),
(0.00,    0.00,    N'طباعة كتالوج منتجات',       5000.00, N'مندوب مبيعات',   N'مكتمل',     27, '2025-01-10', '2025-02-10', N'EMP017'),
(200.00,  200.00,  N'تصميم وطباعه بطاقات أعمال',   1800.00, N'موقع إلكتروني',   N'قيد التنفيذ', 45, '2025-01-15', '2025-01-30', N'EMP025'),
(500.00,  500.00,  N'طباعة ملصقات لاصقة',        2500.00, N'تعاقد جهة حكومية', N'قيد التنفيذ', 8,  '2025-02-01', '2025-02-18', N'EMP008'),
(0.00,    0.00,    N'دفتر ملاحظات مخصص',         3200.00, N'مندوب مبيعات',   N'مكتمل',     33, '2025-02-05', '2025-02-25', N'EMP044'),
(750.00,  750.00,  N'طباعة دعوات زفاف',         2750.00, N'توصيل شخصي',      N'قيد التنفيذ', 19, '2025-02-12', '2025-03-01', N'EMP011'),
(0.00,    0.00,    N'كتيب تعليمي',               4000.00, N'تعاقد مباشر',     N'مكتمل',     50, '2025-02-20', '2025-03-15', N'EMP052'),
(300.00,  300.00,  N'طباعة أوراق ملونة',        2300.00, N'موقع إلكتروني',   N'قيد التنفيذ', 29, '2025-03-01', '2025-03-20', N'EMP016'),
(100.00,  100.00,  N'طباعة صور فوتوغرافية',      1700.00, N'مندوب مبيعات',   N'قيد التنفيذ', 6,  '2025-03-05', '2025-03-18', N'EMP031'),
(0.00,    0.00,    N'مطويات إعلانية',            3500.00, N'تعاقد جهة حكومية', N'مكتمل',     41, '2025-03-10', '2025-04-01', N'EMP059'),
(450.00,  450.00,  N'بطاقات عضوية',              1800.00, N'مندوب مبيعات',   N'قيد التنفيذ', 22, '2025-03-15', '2025-03-30', N'EMP007'),
(0.00,    0.00,    N'دفتر شيكات',                2900.00, N'تعاقد مباشر',     N'مكتمل',     17, '2025-03-20', '2025-04-10', N'EMP045'),
(250.00,  250.00,  N'طباعة أغلفة كتب',           1600.00, N'منصة إلكترونية', N'قيد التنفيذ', 39, '2025-03-25', '2025-04-05', N'EMP013'),
(0.00,    0.00,    N'ملصقات جداريّة',            3100.00, N'مندوب مبيعات',   N'مكتمل',     3,  '2025-04-01', '2025-04-22', N'EMP049'),
(120.00,  120.00,  N'طباعة كروت معايدة',         2050.00, N'تعاقد جهة حكومية', N'قيد التنفيذ', 48, '2025-04-05', '2025-04-20', N'EMP021'),
(0.00,    0.00,    N'كتيب مستخدم',               3600.00, N'موقع إلكتروني',   N'مكتمل',     26, '2025-04-10', '2025-05-01', N'EMP037'),
(600.00,  600.00,  N'مطوية إرشادية',            2150.00, N'تعاقد مباشر',     N'قيد التنفيذ', 14, '2025-04-15', '2025-05-05', N'EMP055'),
(0.00,    0.00,    N'شهادات تقدير',             2800.00, N'مندوب مبيعات',   N'مكتمل',     51, '2025-04-20', '2025-05-10', N'EMP006'),
(350.00,  350.00,  N'كشوف رواتب مطبوعة',        1700.00, N'منصة إلكترونية', N'قيد التنفيذ', 35, '2025-04-25', '2025-05-15', N'EMP041'),
(0.00,    0.00,    N'بوسترات حجم كبير',         3300.00, N'تعاقد جهة حكومية', N'مكتمل',     5,  '2025-05-01', '2025-05-22', N'EMP018'),
(500.00,  500.00,  N'تقارير مالية مطبوعة',      2150.00, N'مندوب مبيعات',   N'قيد التنفيذ', 44, '2025-05-05', '2025-05-28', N'EMP029'),
(0.00,    0.00,    N'طباعة بطانات',             3000.00, N'تعاقد مباشر',     N'مكتمل',     11, '2025-05-10', '2025-05-30', N'EMP014'),
(275.00,  275.00,  N'أختام مخصصة',             1400.00, N'منصة إلكترونية', N'قيد التنفيذ', 38, '2025-05-15', '2025-06-01', N'EMP048'),
(0.00,    0.00,    N'شيكات معالجة حرارية',      3500.00, N'مندوب مبيعات',   N'مكتمل',     2,  '2025-05-20', '2025-06-06', N'EMP027'),
(400.00,  400.00,  N'ملصقات شفافة',             1550.00, N'تعاقد جهة حكومية', N'قيد التنفيذ', 57, '2025-05-25', '2025-06-11', N'EMP034'),
(0.00,    0.00,    N'تقارير مراجع حسابات',      2600.00, N'مندوب مبيعات',   N'مكتمل',     31, '2025-05-30', '2025-06-12', N'EMP050'),
(180.00,  180.00,  N'دفاتر أمانة',              1300.00, N'منصة إلكترونية', N'قيد التنفيذ', 20, '2025-06-01', '2025-06-13', N'EMP002'),
(0.00,    0.00,    N'بطاقات دعوة كبار',        2900.00, N'تعاقد مباشر',     N'مكتمل',     16, '2025-06-05', '2025-06-14', N'EMP036');



-- mariam from 31 to 60

-- إدراج 30 سجلاً في جدول RecieptsOrder ببيانات حقيقية
INSERT INTO RecieptsOrder (
    jobOrderID,
    amount,
    receiptDate,
    employeeID,
    receiptNotes
)
VALUES
(31, 1500.00, '2025-01-12', N'EMP005', N'استلام دفعة أولى'),
(32, 2000.50, '2025-01-18', N'EMP012', N'استلام جزء من المبلغ'),
(33, 1800.00, '2025-01-25', N'EMP019', N'سداد دفعة وسطية'),
(34, 2500.75, '2025-02-02', N'EMP026', N'استلام الدفعة الثانية'),
(35, 3200.00, '2025-02-10', N'EMP033', N'سداد كامل المبلغ المتبقي'),
(36, 2750.20, '2025-02-17', N'EMP040', N'استلام دفعة إضافية'),
(37, 4000.00, '2025-02-23', N'EMP047', N'استلام مبلغ مقدّم'),
(38,   750.00, '2025-03-01', N'EMP054', N'سداد جزئي للدفعة الأولى'),
(39, 1900.00, '2025-03-07', N'EMP002', N'استلام دفعة متوسطة'),
(40, 3500.50, '2025-03-14', N'EMP009', N'سداد دفعة نهائية'),
(41, 1700.00, '2025-03-20', N'EMP016', N'استلام جزء من المبلغ'),
(42, 2900.00, '2025-03-27', N'EMP023', N'سداد دفعة وسطى'),
(43, 1600.25, '2025-04-02', N'EMP030', N'استلام دفعة ثانية'),
(44, 3100.00, '2025-04-08', N'EMP037', N'سداد كامل المبلغ'),
(45, 2050.00, '2025-04-15', N'EMP044', N'استلام دفعة إضافية'),
(46, 3600.75, '2025-04-22', N'EMP051', N'سداد دفعة أولية'),
(47, 2800.00, '2025-04-28', N'EMP058', N'استلام الدفعة الثانية'),
(48, 2500.00, '2025-05-05', N'EMP004', N'سداد دفعة وسطى'),
(49, 2150.50, '2025-05-12', N'EMP011', N'استلام دفعة إضافية'),
(50, 3300.00, '2025-05-18', N'EMP018', N'سداد كامل المبلغ'),
(51, 500.00,  '2025-05-24', N'EMP025', N'استلام دفعة صغيرة'),
(52, 2600.00, '2025-05-29', N'EMP032', N'سداد دفعة متوسطة'),
(53, 3500.25, '2025-06-02', N'EMP039', N'استلام دفعة ثانية'),
(54, 1400.00, '2025-06-06', N'EMP046', N'سداد دفعة أولية'),
(55, 3600.00, '2025-06-10', N'EMP053', N'استلام دفعة كبيرة'),
(56, 1550.75, '2025-06-11', N'EMP060', N'سداد دفعة وسطى'),
(57, 2450.00, '2025-06-12', N'EMP003', N'استلام دفعة إضافية'),
(58, 2800.50, '2025-06-13', N'EMP010', N'سداد الدفعة النهائية'),
(59, 1300.00, '2025-06-14', N'EMP017', N'استلام دفعة صغيرة'),
(60, 2900.00, '2025-06-14', N'EMP024', N'استلام دفعة متوسطة');

-- mariam from 31 to 60

-- إدراج 30 سجلاً في جدول PaymentOrder ببيانات حقيقية
INSERT INTO PaymentOrder (
    purchaseID,
    amount,
    paymentDate,
    employeeID,
    paymentNotes
)
VALUES
(31, 1000.00, '2025-01-11', N'EMP005', N'دفع أولي للطلب'),
(32, 2000.50, '2025-01-17', N'EMP012', N'سداد جزئي للفاتورة'),
(33, 1500.00, '2025-01-23', N'EMP019', N'دفع وسطى للفاتورة'),
(34, 2500.75, '2025-02-02', N'EMP026', N'استكمال الدفعة الثانية'),
(35, 3200.00, '2025-02-08', N'EMP033', N'سداد كامل المبلغ المتبقي'),
(36, 2750.20, '2025-02-15', N'EMP040', N'دفع إضافي خارج الجدول'),
(37, 4000.00, '2025-02-22', N'EMP047', N'دفع مقدم للفاتورة'),
(38,  750.00, '2025-03-01', N'EMP054', N'دفع جزء من المبلغ'),
(39, 1900.00, '2025-03-07', N'EMP002', N'استلام دفعة وسطية'),
(40, 3500.50, '2025-03-14', N'EMP009', N'سداد دفعة نهائية'),
(41, 1700.00, '2025-03-20', N'EMP016', N'دفع جزء من المبلغ'),
(42, 2900.00, '2025-03-27', N'EMP023', N'دفع وسطى للبيان'),
(43, 1600.25, '2025-04-02', N'EMP030', N'استلام دفعة ثانية'),
(44, 3100.00, '2025-04-08', N'EMP037', N'سداد كامل المبلغ'),
(45, 2050.00, '2025-04-15', N'EMP044', N'دفع إضافي للطوارئ'),
(46, 3600.75, '2025-04-22', N'EMP051', N'دفع أولي للطلب'),
(47, 2800.00, '2025-04-28', N'EMP058', N'استكمال الدفعة الثانية'),
(48, 2500.00, '2025-05-05', N'EMP004', N'دفع وسطى للفاتورة'),
(49, 2150.50, '2025-05-12', N'EMP011', N'سداد دفعة إضافية'),
(50, 3300.00, '2025-05-18', N'EMP018', N'سداد كامل المبلغ'),
(51,  500.00, '2025-05-24', N'EMP025', N'دفع دفعة صغيرة'),
(52, 2600.00, '2025-05-29', N'EMP032', N'سداد دفعة متوسطة'),
(53, 3500.25, '2025-06-02', N'EMP039', N'استلام دفعة ثانية'),
(54, 1400.00, '2025-06-06', N'EMP046', N'دفع أولي للفاتورة'),
(55, 3600.00, '2025-06-10', N'EMP053', N'سداد دفعة كبيرة'),
(56, 1550.75, '2025-06-11', N'EMP060', N'دفع وسطى للمبلغ'),
(57, 2450.00, '2025-06-12', N'EMP003', N'استلام دفعة إضافية'),
(58, 2800.50, '2025-06-13', N'EMP010', N'سداد دفعة نهائية'),
(59, 1300.00, '2025-06-14', N'EMP017', N'دفعة صغيرة للتجربة'),
(60, 2900.00, '2025-06-14', N'EMP024', N'سداد دفعة متوسطة');


-- khadija from 61 to 90
-- sandra from 91 to 120
-- sherwet from 121 to 150
-- shahd from 151 to 180



-- mira from 181 to 210
INSERT INTO JobOrder (remainingAmount, unearnedRevenue, jobOrdernotes, earnedRevenue, jobOrderSource, orderProgress, customerID, startDate, endDate, employeeID) VALUES
(500.00, 500.00, N'طلب عاجل من العميل', 1500.00, N'الهاتف',      N'قيد التنفيذ',  1, '2025-05-01', '2025-05-15', N'EMP001'),
(0.00,   0.00,   N'تم التسليم واستلام الدفعة بالكامل', 2000.00, N'البريد الإلكتروني', N'مكتمل',       2, '2025-03-10', '2025-03-25', N'EMP002'),
(250.00, 750.00, N'تأخر في الدفع',            1250.00, N'الموقع الإلكتروني',   N'قيد التنفيذ',  3, '2025-04-05', '2025-04-20', N'EMP003'),
(0.00,   0.00,   N'تم الإلغاء بناءً على طلب العميل',   0.00,   N'زيارة ميدانية',      N'مكتمل',       4, '2025-02-01', '2025-02-10', N'EMP004'),
(100.00, 400.00, N'جزء من الخدمة مؤجل',          600.00, N'توصية',              N'قيد التنفيذ',  5, '2025-05-10', '2025-06-01', N'EMP005'),
(0.00,   0.00,   N'لا توجد ملاحظات إضافية',        1800.00, N'الهاتف',              N'مكتمل',       6, '2025-01-15', '2025-02-05', N'EMP006'),
(300.00, 200.00, N'العميل طلب مراجعة',           1000.00, N'الموقع الإلكتروني',   N'قيد التنفيذ',  7, '2025-04-20', '2025-05-10', N'EMP007'),
(0.00,   0.00,   N'دُفعت كافة الرسوم',           2200.00, N'البريد الإلكتروني',   N'مكتمل',       8, '2024-12-10', '2025-01-05', N'EMP008'),
(150.00, 350.00, N'تأجيل بسيط حسب رغبة العميل',   850.00, N'زيارة ميدانية',      N'قيد التنفيذ',  9, '2025-03-15', '2025-04-01', N'EMP009'),
(0.00,   0.00,   N'خدمة VIP تم الانتهاء منها',   3000.00, N'توصية',              N'مكتمل',       10,'2025-02-20', '2025-03-10', N'EMP010'),
(400.00, 100.00, N'هناك بند إضافي لم يتم تنفيذه',  1100.00, N'الهاتف',              N'قيد التنفيذ',  11,'2025-05-05', '2025-05-25', N'EMP011'),
(0.00,   0.00,   N'الدفع تم عبر التحويل البنكي',  1600.00, N'الموقع الإلكتروني',   N'مكتمل',       12,'2025-01-05', '2025-01-20', N'EMP012'),
(50.00,  450.00, N'ملاحظات حول المواصفات',        950.00, N'البريد الإلكتروني',   N'قيد التنفيذ',  13,'2025-04-01', '2025-04-18', N'EMP013'),
(0.00,   0.00,   N'تم التسليم طبقاً للعقد',       2750.00, N'زيارة ميدانية',      N'مكتمل',       14,'2025-02-15', '2025-03-05', N'EMP014'),
(200.00, 300.00, N'انتظار موافقة العميل',        700.00, N'توصية',              N'قيد التنفيذ',  15,'2025-05-12', '2025-05-30', N'EMP015'),
(0.00,   0.00,   N'لا توجد تعديلات',             1250.00, N'الهاتف',              N'مكتمل',       16,'2024-11-20', '2024-12-10', N'EMP016'),
(120.00, 380.00, N'طلب إضافة خدمة جديدة',        880.00, N'الموقع الإلكتروني',   N'قيد التنفيذ',  17,'2025-03-25', '2025-04-15', N'EMP017'),
(0.00,   0.00,   N'اتممت العمل بنجاح',          1950.00, N'البريد الإلكتروني',   N'مكتمل',       18,'2025-01-30', '2025-02-20', N'EMP018'),
(350.00, 150.00, N'تأجيل المشروع جزئياً',       650.00, N'زيارة ميدانية',      N'قيد التنفيذ',  19,'2025-04-10', '2025-04-28', N'EMP019'),
(0.00,   0.00,   N'المشروع مكتمل بالكامل',      2400.00, N'توصية',              N'مكتمل',       20,'2025-02-28', '2025-03-18', N'EMP020'),
(275.00, 225.00, N'انتظار المستندات الرسمية',   1025.00, N'الهاتف',              N'قيد التنفيذ',  21,'2025-05-08', '2025-05-29', N'EMP021'),
(0.00,   0.00,   N'الدفع تم عبر بطاقة الائتمان', 1850.00, N'الموقع الإلكتروني',   N'مكتمل',       22,'2025-01-12', '2025-02-02', N'EMP022'),
(180.00, 320.00, N'تمت الموافقة على التعديلات',  820.00, N'البريد الإلكتروني',   N'قيد التنفيذ',  23,'2025-03-05', '2025-03-25', N'EMP023'),
(0.00,   0.00,   N'تم الإنهاء قبل الموعد',        2100.00, N'زيارة ميدانية',      N'مكتمل',       24,'2024-12-05', '2024-12-20', N'EMP024'),
(420.00, 80.00,  N'ملاحظات فنية من العميل',       980.00, N'توصية',              N'قيد التنفيذ',  25,'2025-04-18', '2025-05-08', N'EMP025'),
(0.00,   0.00,   N'لا استفسارات حالياً',        1700.00, N'الهاتف',              N'مكتمل',       26,'2025-02-08', '2025-02-28', N'EMP026'),
(260.00, 240.00, N'إعادة جدولة اللوجستيات',     860.00, N'الموقع الإلكتروني',   N'قيد التنفيذ',  27,'2025-03-20', '2025-04-10', N'EMP027'),
(0.00,   0.00,   N'خدمة ما بعد البيع مكتملة',   2300.00, N'البريد الإلكتروني',   N'مكتمل',       28,'2025-01-25', '2025-02-15', N'EMP028'),
(305.00, 195.00, N'تطوير إضافي بناءً على الطلب', 895.00, N'زيارة ميدانية',      N'قيد التنفيذ',  29,'2025-04-12', '2025-05-02', N'EMP029'),
(0.00,   0.00,   N'تمت جميع الاختبارات بنجاح',  2550.00, N'توصية',              N'مكتمل',       30,'2025-02-18', '2025-03-08', N'EMP030');

INSERT INTO ProcessBridge (jobOrderID, machineID, labourID, machineHourPrice, oldMachinePrice, labourHourPrice, oldlabourPrice, numberOfHours, totalMachineValue, totalLabourValue, employeeID) VALUES
(181,  1,  1, 150.00, 140.00, 80.00, 75.00,  5.50,  825.00,  440.00, N'EMP001'),
(182,  2,  2, 200.00, 190.00, 90.00, 85.00,  3.75,  750.00,  337.50, N'EMP002'),
(183,  3,  3, 175.00, 170.00, 85.00, 80.00,  4.25,  743.75,  361.25, N'EMP003'),
(184,  4,  4, 220.00, 210.00, 95.00, 90.00,  6.00, 1320.00,  570.00, N'EMP004'),
(185,  5,  5, 180.00, 175.00, 88.00, 85.00,  2.50,  450.00,  220.00, N'EMP005'),
(186,  6,  6, 160.00, 155.00, 82.00, 80.00,  7.25, 1160.00,  594.50, N'EMP006'),
(187,  7,  7, 210.00, 205.00, 92.00, 88.00,  4.00,  840.00,  368.00, N'EMP007'),
(188,  8,  8, 195.00, 190.00, 89.00, 85.00,  5.00,  975.00,  445.00, N'EMP008'),
(189,  9,  9, 230.00, 225.00, 98.00, 95.00,  3.20,  736.00,  313.60, N'EMP009'),
(190, 10, 10, 170.00, 165.00, 84.00, 80.00,  6.50, 1105.00,  546.00, N'EMP010'),
(191, 11, 11, 205.00, 200.00, 91.00, 88.00,  2.80,  574.00,  254.80, N'EMP011'),
(192, 12, 12, 185.00, 180.00, 87.00, 85.00,  4.75,  878.75,  413.25, N'EMP012'),
(193, 13, 13, 225.00, 220.00, 97.00, 95.00,  5.10, 1147.50,  494.70, N'EMP013'),
(194, 14, 14, 155.00, 150.00, 79.00, 75.00,  3.60,  558.00,  284.40, N'EMP014'),
(195, 15, 15, 240.00, 235.00, 102.00,100.00, 7.00, 1680.00,  714.00, N'EMP015'),
(196, 16, 16, 165.00, 160.00, 83.00, 80.00,  4.40,  726.00,  365.20, N'EMP016'),
(197, 17, 17, 215.00, 210.00, 93.00, 90.00,  5.75, 1236.25,  534.75, N'EMP017'),
(198, 18, 18, 190.00, 185.00, 90.00, 88.00,  6.20, 1178.00,  558.00, N'EMP018'),
(199, 19, 19, 205.00, 200.00, 92.00, 90.00,  3.90,  799.50,  358.80, N'EMP019'),
(200, 20, 20, 175.00, 170.00, 86.00, 85.00,  2.30,  402.50,  197.80, N'EMP020'),
(201, 21, 21, 235.00, 230.00, 100.00, 98.00, 4.85, 1140.00,  485.00, N'EMP021'),
(202, 22, 22, 160.00, 155.00, 81.00, 80.00,  5.60,  896.00,  453.60, N'EMP022'),
(203, 23, 23, 220.00, 215.00, 95.00, 90.00,  3.15,  693.00,  299.25, N'EMP023'),
(204, 24, 24, 185.00, 180.00, 88.00, 85.00,  6.75, 1248.75,  594.00, N'EMP024'),
(205, 25, 25, 210.00, 205.00, 91.00, 90.00,  2.95,  619.50,  268.45, N'EMP025'),
(206, 26, 26, 195.00, 190.00, 89.00, 85.00,  4.20,  819.00,  373.80, N'EMP026'),
(207, 27, 27, 240.00, 235.00,102.00,100.00, 5.30, 1272.00,  540.60, N'EMP027'),
(208, 28, 28, 170.00, 165.00, 84.00, 82.00,  3.45,  586.50,  289.80, N'EMP028'),
(209, 29, 29, 230.00, 225.00, 98.00, 95.00,  6.10, 1403.00,  597.80, N'EMP029'),
(210, 30, 30, 180.00, 175.00, 87.00, 85.00,  4.90,  882.00,  426.30, N'EMP030');

INSERT INTO MiscellaneousExpenses 
    (jobOrderID, employeeID, materialProcessingExpense, filmsProcessingExpense, materialsTotal, totalAfterMaterials,
     adminstrativeExpense, totalExpenses, percentage, totalAfterEmplyeeImprovementbox, other, totalAfterPercentage,
     ministryOfFinance, employeeImprovmentBox, valueAddedTax, finalTotal)
VALUES
(181, N'EMP001', 120.00,  80.00, 200.00, 200.00,  25.00, 225.00,  5.00, 225.00, 10.00, 235.00, 11.75,  15.00, 32.90, 294.65),
(182, N'EMP002', 150.00,  50.00, 200.00, 200.00,  30.00, 230.00,  7.00, 230.00,  5.00, 235.00, 11.75,  20.00, 32.90, 299.65),
(183, N'EMP003', 100.00, 100.00, 200.00, 200.00,  20.00, 220.00,  6.00, 220.00,  8.00, 228.00, 11.40,  18.00, 31.92, 289.32),
(184, N'EMP004', 130.00,  70.00, 200.00, 200.00,  22.00, 222.00,  5.50, 222.00,  6.00, 228.00, 11.40,  17.00, 31.92, 288.32),
(185, N'EMP005', 140.00,  60.00, 200.00, 200.00,  28.00, 228.00,  6.50, 228.00,  7.00, 235.00, 11.75,  19.00, 32.90, 297.65),
(186, N'EMP006', 110.00,  90.00, 200.00, 200.00,  24.00, 224.00,  5.80, 224.00,  9.00, 233.00, 11.65,  16.00, 32.62, 293.27),
(187, N'EMP007', 160.00,  40.00, 200.00, 200.00,  26.00, 226.00,  6.20, 226.00,  4.00, 230.00, 11.50,  21.00, 32.20, 294.70),
(188, N'EMP008', 170.00,  30.00, 200.00, 200.00,  27.00, 227.00,  6.00, 227.00,  5.00, 232.00, 11.60,  22.00, 32.48, 298.08),
(189, N'EMP009', 180.00,  20.00, 200.00, 200.00,  29.00, 229.00,  6.30, 229.00,  6.00, 235.00, 11.75,  23.00, 32.90, 301.65),
(190, N'EMP010', 190.00,  10.00, 200.00, 200.00,  31.00, 231.00,  6.70, 231.00,  7.00, 238.00, 11.90,  24.00, 33.32, 307.22),
(191, N'EMP011', 125.00,  75.00, 200.00, 200.00,  23.00, 223.00,  5.90, 223.00,  8.00, 231.00, 11.55,  18.00, 32.34, 292.89),
(192, N'EMP012', 135.00,  65.00, 200.00, 200.00,  21.00, 221.00,  5.40, 221.00,  9.00, 230.00, 11.50,  19.00, 32.20, 292.70),
(193, N'EMP013', 145.00,  55.00, 200.00, 200.00,  33.00, 233.00,  6.80, 233.00,  5.00, 238.00, 11.90,  20.00, 33.32, 303.22),
(194, N'EMP014', 155.00,  45.00, 200.00, 200.00,  35.00, 235.00,  7.10, 235.00,  4.00, 239.00, 11.95,  21.00, 33.46, 305.41),
(195, N'EMP015', 165.00,  35.00, 200.00, 200.00,  32.00, 232.00,  6.50, 232.00,  6.00, 238.00, 11.90,  22.00, 33.32, 305.22),
(196, N'EMP016', 175.00,  25.00, 200.00, 200.00,  34.00, 234.00,  6.90, 234.00,  7.00, 241.00, 12.05,  23.00, 33.74, 309.79),
(197, N'EMP017', 185.00,  15.00, 200.00, 200.00,  36.00, 236.00,  7.30, 236.00,  5.00, 241.00, 12.05,  24.00, 33.74, 310.79),
(198, N'EMP018', 195.00,   5.00, 200.00, 200.00,  38.00, 238.00,  7.70, 238.00,  8.00, 246.00, 12.30,  25.00, 34.44, 317.74),
(199, N'EMP019', 110.00,  90.00, 200.00, 200.00,  40.00, 240.00,  8.00, 240.00,  6.00, 246.00, 12.30,  26.00, 34.44, 318.74),
(200, N'EMP020', 120.00,  80.00, 200.00, 200.00,  42.00, 242.00,  8.20, 242.00,  7.00, 249.00, 12.45,  27.00, 34.86, 323.31),
(201, N'EMP021', 130.00,  70.00, 200.00, 200.00,  44.00, 244.00,  8.50, 244.00,  5.00, 249.00, 12.45,  28.00, 34.86, 324.31),
(202, N'EMP022', 140.00,  60.00, 200.00, 200.00,  46.00, 246.00,  8.80, 246.00,  6.00, 252.00, 12.60,  29.00, 35.28, 329.88),
(203, N'EMP023', 150.00,  50.00, 200.00, 200.00,  48.00, 248.00,  9.10, 248.00,  7.00, 255.00, 12.75,  30.00, 35.70, 333.45),
(204, N'EMP024', 160.00,  40.00, 200.00, 200.00,  50.00, 250.00,  9.40, 250.00,  8.00, 258.00, 12.90,  31.00, 36.12, 337.02),
(205, N'EMP025', 170.00,  30.00, 200.00, 200.00,  52.00, 252.00,  9.70, 252.00,  6.00, 258.00, 12.90,  32.00, 36.12, 338.02),
(206, N'EMP026', 180.00,  20.00, 200.00, 200.00,  54.00, 254.00, 10.00, 254.00,  7.00, 261.00, 13.05,  33.00, 36.54, 343.59),
(207, N'EMP027', 190.00,  10.00, 200.00, 200.00,  56.00, 256.00, 10.30, 256.00,  8.00, 264.00, 13.20,  34.00, 36.96, 348.16),
(208, N'EMP028', 200.00,   0.00, 200.00, 200.00,  58.00, 258.00, 10.60, 258.00,  9.00, 267.00, 13.35,  35.00, 37.38, 352.73),
(209, N'EMP029', 115.00,  85.00, 200.00, 200.00,  60.00, 260.00, 10.90, 260.00,  6.00, 266.00, 13.30,  36.00, 37.24, 352.54),
(210, N'EMP030', 125.00,  75.00, 200.00, 200.00,  62.00, 262.00, 11.20, 262.00,  7.00, 269.00, 13.45,  37.00, 37.66, 357.11);


INSERT INTO PurchaseOrder (purchaseDate, employeeID, remainingAmount, paidAmount, vendorID, purchaseNotes) VALUES
('2025-01-05', N'EMP001', 1500.00, 3500.00,  1, N'تم استلام البضاعة وتوثيق الفاتورة'),
('2025-01-12', N'EMP002',    0.00, 2500.00,  2, N'دفع كامل المبلغ عبر التحويل البنكي'),
('2025-01-20', N'EMP003',  500.00, 2000.00,  3, N'تأجيل مبلغ 500 ريال لحين وصول المستندات'),
('2025-02-03', N'EMP004',    0.00, 3000.00,  4, N'تم الاتفاق على خصم 5% للدفعة المبكرة'),
('2025-02-15', N'EMP005',  750.00, 1250.00,  5, N'جزء مدفوع وجزء متبقي للصيانة المستقبلية'),
('2025-02-22', N'EMP006',    0.00, 1800.00,  6, N'تم الدفع عبر بطاقة الائتمان'),
('2025-03-01', N'EMP007',  200.00, 2800.00,  7, N'طلب العميل إضافة بضائع إضافية'),
('2025-03-08', N'EMP008',    0.00, 3200.00,  8, N'دفع كامل بعد الفحص والاستلام'),
('2025-03-15', N'EMP009',  450.00, 1550.00,  9, N'تأخر في الدفع حصل على تذكير'),
('2025-03-23', N'EMP010',    0.00, 4000.00, 10, N'فاتورة دفعها المورد مباشرة'),
('2025-04-02', N'EMP011', 1000.00, 2000.00, 11, N'تم الاتفاق على جدول دفعات شهرية'),
('2025-04-10', N'EMP012',    0.00, 2750.00, 12, N'تم استلام البضاعة من المستودع الرئيسي'),
('2025-04-18', N'EMP013',  300.00, 1700.00, 13, N'مبلغ متبقي كغطاء تكاليف الشحن'),
('2025-04-25', N'EMP014',    0.00, 3100.00, 14, N'تم الدفع نقداً عند الاستلام'),
('2025-05-03', N'EMP015',  600.00, 2400.00, 15, N'دُفع جزء والباقي مع التسليم النهائي'),
('2025-05-11', N'EMP016',    0.00, 2600.00, 16, N'شحن سريع ضمن الاتفاقية'),
('2025-05-19', N'EMP017',  250.00, 2250.00, 17, N'تم خصم رسوم تأخير الشحن'),
('2025-05-27', N'EMP018',    0.00, 2900.00, 18, N'فاتورة مدفوعة بالكامل'),
('2025-06-02', N'EMP019',  850.00, 2150.00, 19, N'دفعة مقدمة قبل التصنيع'),
('2025-06-07', N'EMP020',    0.00, 3300.00, 20, N'تم استلام فاتورة الضريبة المضافة'),
('2025-06-09', N'EMP021',  400.00, 2400.00, 21, N'جزء من الدفعة مؤجل بسبب نقص المستندات'),
('2025-06-10', N'EMP022',    0.00, 2800.00, 22, N'الدفعة الأخيرة قبل الإغلاق المحاسبي'),
('2025-06-11', N'EMP023',  300.00, 2200.00, 23, N'تمت مراجعة الفاتورة واعتمادها'),
('2025-05-30', N'EMP024',    0.00, 3500.00, 24, N'دفع كامل مع خصم تعاقد سنوي'),
('2025-05-25', N'EMP025',  550.00, 2450.00, 25, N'فاتورة إضافية لقطع الغيار'),
('2025-05-20', N'EMP026',    0.00, 2700.00, 26, N'تم الدفع عبر نظام الفواتير الإلكترونية'),
('2025-05-15', N'EMP027',  150.00, 2350.00, 27, N'طلبت المؤسسة ترجمة المستندات قبل الدفع'),
('2025-05-10', N'EMP028',    0.00, 3000.00, 28, N'دفع كامل مقابل الخدمة الشاملة'),
('2025-05-05', N'EMP029',  950.00, 2050.00, 29, N'دفعة مقدمة كبيرة لمشروع خاص'),
('2025-04-30', N'EMP030',    0.00, 3600.00, 30, N'اكتمل الدفع مع استلام شهادة الجودة');

INSERT INTO PhysicalCountOrder (employeeID, physicalCountDate, physicalCountNotes) VALUES
(N'EMP001', '2025-01-03', N'جرد المخزون الشهري في المستودع الرئيسي'),
(N'EMP002', '2025-01-05', N'تعداد أجزاء الحاسب الآلي وتحديث الكميات'),
(N'EMP003', '2025-01-10', N'مراجعة المخزون الاحتياطي للأدوات المكتبية'),
(N'EMP004', '2025-01-15', N'التحقق من صلاحية المواد الكيميائية بالمختبر'),
(N'EMP005', '2025-01-20', N'جرد قطع غيار الماكينات الثقيلة'),
(N'EMP006', '2025-01-25', N'تعداد المستلزمات الطبية في المخزن الفرعي'),
(N'EMP007', '2025-02-01', N'مقارنة الكميات المسجلة مع الكميات المادية'),
(N'EMP008', '2025-02-05', N'تحديث سجلات الجرد بعد حسم المواد التالفة'),
(N'EMP009', '2025-02-10', N'التأكد من كميات العلب والعبوات الفارغة'),
(N'EMP010', '2025-02-15', N'جرد المنتجات النهائية قبل الشحن للعملاء'),
(N'EMP011', '2025-02-20', N'تعداد المواد الخام الواردة حديثاً'),
(N'EMP012', '2025-02-25', N'فحص وتوثيق مخزون العبوات البلاستيكية'),
(N'EMP013', '2025-03-02', N'مراجعة الكميات المتبقية من الورق والأحبار'),
(N'EMP014', '2025-03-07', N'جرد قطع إلكترونية بالورشة الفنية'),
(N'EMP015', '2025-03-12', N'تحديث السجلات بعد استلام دفعة جديدة من المورد'),
(N'EMP016', '2025-03-17', N'تدقيق أرقام المنتج مقابل النظام المحوسب'),
(N'EMP017', '2025-03-22', N'حصر المواد المفقودة وإعداد تقرير مبدئي'),
(N'EMP018', '2025-03-27', N'جرد أدوات السلامة الشخصية للعاملين'),
(N'EMP019', '2025-04-01', N'فحص مخزون أجهزة القياس والمعايرة'),
(N'EMP020', '2025-04-06', N'تعداد وحدات التخزين الإضافية في الطابق الثاني'),
(N'EMP021', '2025-04-11', N'تحديث سجلات الأرفف بعد إعادة التنظيم'),
(N'EMP022', '2025-04-16', N'جرد مواد التغليف والورق المقوى'),
(N'EMP023', '2025-04-21', N'التأكد من كميات البطاريات المستعملة والجديدة'),
(N'EMP024', '2025-04-26', N'فحص العلب المعدنية وتدوين النواقص'),
(N'EMP025', '2025-05-01', N'جرد ملحقات الحواسيب واللوحات الأم'),
(N'EMP026', '2025-05-06', N'تحديث سجلات الأثاث المكتبي والمعدات'),
(N'EMP027', '2025-05-11', N'تعداد المكونات الإلكترونية الدائرة المطبوعة'),
(N'EMP028', '2025-05-16', N'جرد مواد التنظيف والمنظفات الصناعية'),
(N'EMP029', '2025-05-21', N'تدقيق كميات الوقود والمحروقات بالخزان'),
(N'EMP030', '2025-05-26', N'مراجعة المخزون النهائي وتحضير تقرير الجرد');

INSERT INTO ReturnsOrder (returnDate, jobOrderID, purchaseID, returnInOut, employeeID, returnsNotes) VALUES
('2025-01-10', 181, NULL, 1, N'EMP001', N'إرجاع جزء من الخدمة بناءً على طلب العميل'),
('2025-01-15', 182, NULL, 1, N'EMP002', N'إرجاع قطع تالفة بعد التسليم'),
('2025-01-20', 183, NULL, 1, N'EMP003', N'طلب استرجاع دفعة مسبقة لمشروع مُلغى'),
('2025-02-02', 184, NULL, 1, N'EMP004', N'إرجاع مواد إضافية لم تُستخدم'),
('2025-02-08', 185, NULL, 1, N'EMP005', N'إرجاع دفعة مالية زائدة'),
('2025-02-14', 186, NULL, 0, N'EMP006', N'إرسال قطع غيار بدل التالفة إلى المورد'),
('2025-02-18', 187, NULL, 0, N'EMP007', N'إعادة مواد لمطابقة العقد'),
('2025-03-01', 188, NULL, 1, N'EMP008', N'إرجاع جزء من الخدمة لعدم الرضا'),
('2025-03-05', 189, NULL, 1, N'EMP009', N'استرجاع دفعة تأمينية بعد الانتهاء'),
('2025-03-12', 190, NULL, 0, N'EMP010', N'إرسال قطع غير مستخدمة إلى المورد'),
('2025-03-20', 191, NULL, 1, N'EMP011', N'إرجاع رسوم إدارية بعد التخفيض'),
('2025-03-25', 192, NULL, 1, N'EMP012', N'إرجاع مبلغ جزئي حسب الاتفاق'),
('2025-04-02', 193, NULL, 0, N'EMP013', N'إعادة معدات للطرف الثالث'),
('2025-04-10', 194, NULL, 1, N'EMP014', N'إرجاع دفعة مسبقة بعد الإلغاء'),
('2025-04-16', 195, NULL, 1, N'EMP015', N'استرجاع مواد زائدة من العميل'),
('2025-04-22', NULL,  1,    1, N'EMP016', N'إرجاع بضاعة غير مطابقة للفاتورة'),
('2025-04-28', NULL,  2,    1, N'EMP017', N'استرجاع دفعة بعد الفحص'),
('2025-05-05', NULL,  3,    0, N'EMP018', N'إرسال بضاعة بديلة إلى المورد'),
('2025-05-11', NULL,  4,    1, N'EMP019', N'إرجاع مواد تالفة عند الاستلام'),
('2025-05-17', NULL,  5,    1, N'EMP020', N'استرداد قيمة خصم غير صحيح'),
('2025-05-23', NULL,  6,    0, N'EMP021', N'إعادة مستندات للمورد'),
('2025-05-29', NULL,  7,    1, N'EMP022', N'إرجاع فاتورة مكررة'),
('2025-06-02', NULL,  8,    1, N'EMP023', N'استرداد مبلغ الشحن بعد التراجع'),
('2025-06-06', NULL,  9,    0, N'EMP024', N'إرسال قطع بديلة لمورد خارجي'),
('2025-06-09', NULL, 10,    1, N'EMP025', N'استرجاع دفعة تأمين حسب العقد'),
('2025-06-10', NULL, 11,    1, N'EMP026', N'إرجاع بضاعة زائدة من المخزن'),
('2025-06-11', NULL, 12,    1, N'EMP027', N'استرداد مبلغ ضريبة القيمة المضافة'),
('2025-05-30', NULL, 13,    0, N'EMP028', N'إعادة مستندات فنية إلى المورد'),
('2025-05-25', NULL, 14,    1, N'EMP029', N'إرجاع دفعة مالية غير مناسبة'),
('2025-05-20', NULL, 15,    1, N'EMP030', N'استرجاع مبلغ جزئي حسب الطلب');


INSERT INTO RequisiteOrder (requisiteDate, employeeID, jobOrderID, requisiteNotes) VALUES
('2025-01-02', N'EMP001', 181, N'طلب مستلزمات ميكانيكية للصيانة الدورية'),
('2025-01-07', N'EMP002', 182, N'اقتناء قطع غيار لمحرك المضخة'),
('2025-01-12', N'EMP003', 183, N'طلب فلاتر هواء وأحزمة ناقل الحركة'),
('2025-01-18', N'EMP004', 184, N'مستلزمات كهربائية للوحة التحكم'),
('2025-01-23', N'EMP005', 185, N'مواد تزييت وزيوت محركات'),
('2025-01-29', N'EMP006', 186, N'أدوات قياس ومعايرة جديدة'),
('2025-02-03', N'EMP007', 187, N'مسامير وصواميل للهيكل الخارجي'),
('2025-02-09', N'EMP008', 188, N'كابلات كهربائية إضافية'),
('2025-02-14', N'EMP009', 189, N'عوازل حرارية وأنابيب تبريد'),
('2025-02-20', N'EMP010', 190, N'لوحات دوائر مطبوعة للصيانة'),
('2025-02-25', N'EMP011', 191, N'مفكات وبراغي متنوعة'),
('2025-03-02', N'EMP012', 192, N'سبائك معدنية لتصنيع قطع غيار'),
('2025-03-08', N'EMP013', 193, N'أغطية واقية لمحركات التبريد'),
('2025-03-13', N'EMP014', 194, N'مصابيح إشارة وأضواء تنبيه'),
('2025-03-19', N'EMP015', 195, N'وصلات هيدروليكية خرطوم الضغط العالي'),
('2025-03-24', N'EMP016', 196, N'بطاريات لقطع الأشغال الثقيلة'),
('2025-03-30', N'EMP017', 197, N'أقراص فرامل ومحاور دوارة'),
('2025-04-04', N'EMP018', 198, N'أنظمة تبريد سائل للمعامل'),
('2025-04-10', N'EMP019', 199, N'مستشعرات درجة حرارة وضغط'),
('2025-04-15', N'EMP020', 200, N'خراطيم شفط وتفريغ المواد'),
('2025-04-21', N'EMP021', 201, N'فلاتر ضغط للمياه والزيوت'),
('2025-04-26', N'EMP022', 202, N'لوحات تحكم إلكترونية وبرمجيات'),
('2025-05-02', N'EMP023', 203, N'حصائر عازلة للأرضيات الصناعية'),
('2025-05-07', N'EMP024', 204, N'أجهزة قياس إلكترونية متعددة الوظائف'),
('2025-05-13', N'EMP025', 205, N'رؤوس حفر وتثقيب مع ملحقاتها'),
('2025-05-18', N'EMP026', 206, N'مواسير نقل السوائل المكهربة'),
('2025-05-24', N'EMP027', 207, N'قطع تركيبية من الألمنيوم والخشب'),
('2025-05-29', N'EMP028', 208, N'مواد تنظيف وتعقيم المعدات'),
('2025-06-03', N'EMP029', 209, N'مسننات وسلاسل ناقل الحركة'),
('2025-06-08', N'EMP030', 210, N'أغطية فلتر ومحامل الكرات للمضخات');

INSERT INTO PaymentOrder (purchaseID, amount, paymentDate, employeeID, paymentNotes) VALUES
( 1, 3500.00, '2025-01-06', N'EMP001', N'دفع كامل قيمة الفاتورة عبر التحويل البنكي'),
( 2, 2500.00, '2025-01-13', N'EMP002', N'دفع عبر بطاقة الائتمان'),
( 3, 1500.00, '2025-01-21', N'EMP003', N'دفعة أولى، الباقي مستحق لاحقاً'),
( 4, 3000.00, '2025-02-04', N'EMP004', N'دفع كامل مع خصم الدفعة المبكرة'),
( 5, 1250.00, '2025-02-16', N'EMP005', N'دفعة جزئية عن قطع الصيانة'),
( 6, 1800.00, '2025-02-23', N'EMP006', N'دفع عبر نظام الفوترة الإلكترونية'),
( 7, 2800.00, '2025-03-02', N'EMP007', N'دفعة أولى من دفعات شهرية'),
( 8, 3200.00, '2025-03-09', N'EMP008', N'دفع كامل بعد الفحص والاستلام'),
( 9, 1550.00, '2025-03-16', N'EMP009', N'تذكير بالدفعة المتأخرة ثم السداد'),
(10, 4000.00, '2025-03-24', N'EMP010', N'دفع مباشر من حساب المورد'),
(11, 2000.00, '2025-04-03', N'EMP011', N'دفعة أولى ضمن اتفاقية التقسيط'),
(12, 2750.00, '2025-04-11', N'EMP012', N'دفع كامل بعد استلام البضاعة'),
(13, 1700.00, '2025-04-19', N'EMP013', N'دفعة تحضيرية لتكاليف الشحن'),
(14, 3100.00, '2025-04-26', N'EMP014', N'دفع نقدي عند الاستلام'),
(15, 2400.00, '2025-05-04', N'EMP015', N'دفعة أولى، الباقي مع التسليم'),
(16, 2600.00, '2025-05-12', N'EMP016', N'دفع عبر الدفع الإلكتروني السريع'),
(17, 2250.00, '2025-05-20', N'EMP017', N'خصم رسوم التأخير واعتماد الدفعة'),
(18, 2900.00, '2025-05-28', N'EMP018', N'سداد كامل لطلب الشراء'),
(19, 2150.00, '2025-06-03', N'EMP019', N'دفعة مقدمة قبل التصنيع'),
(20, 3300.00, '2025-06-08', N'EMP020', N'دفع شامل شامل ضريبة القيمة المضافة'),
(21, 2400.00, '2025-06-10', N'EMP021', N'دفعة جزئية لمستلزمات إضافية'),
(22, 2800.00, '2025-06-11', N'EMP022', N'دفع كامل قبل الإغلاق المحاسبي'),
(23, 2200.00, '2025-06-11', N'EMP023', N'دفع بعد مراجعة الفاتورة واعتمادها'),
(24, 3500.00, '2025-05-31', N'EMP024', N'دفعة سنوية مع خصم تعاقدي'),
(25, 2450.00, '2025-05-26', N'EMP025', N'دفعة إضافية لقطع الغيار'),
(26, 2700.00, '2025-05-21', N'EMP026', N'سداد عبر الفواتير الإلكترونية الحكومية'),
(27, 2350.00, '2025-05-16', N'EMP027', N'دفع بعد اعتماد ترجمة المستندات'),
(28, 3000.00, '2025-05-11', N'EMP028', N'سداد كامل مقابل الخدمة الشاملة'),
(29, 2050.00, '2025-05-06', N'EMP029', N'دفعة مقدمة خاصة بمشروع جديد'),
(30, 3600.00, '2025-05-01', N'EMP030', N'سداد كامل مع استلام شهادة الجودة');

INSERT INTO RecieptsOrder (jobOrderID, amount, receiptDate, employeeID, receiptNotes) VALUES
(181,  825.00, '2025-01-07', N'EMP001', N'استلام دفعة أولى من العميل'),
(182, 1500.00, '2025-01-14', N'EMP002', N'دفع جزء من المبلغ المتبقي'),
(183, 1250.00, '2025-01-22', N'EMP003', N'سداد وفق جدول الدفعات'),
(184,    0.00, '2025-02-05', N'EMP004', N'لم يتم استلام دفعة بعد'),
(185,  600.00, '2025-02-17', N'EMP005', N'دفعة لتغطية الخدمات المنفذة'),
(186, 1160.00, '2025-02-24', N'EMP006', N'استلام المبلغ المتفق عليه'),
(187,  840.00, '2025-03-03', N'EMP007', N'سداد جزئي لقيمة المشروع'),
(188,  975.00, '2025-03-10', N'EMP008', N'دفعة على أساس الفاتورة'),
(189,  736.00, '2025-03-17', N'EMP009', N'استلام مبلغ مقابل خدمات إضافية'),
(190, 1105.00, '2025-03-25', N'EMP010', N'دفع دفعة منتصف المشروع'),
(191,  574.00, '2025-04-04', N'EMP011', N'سداد رسوم المعالجة'),
(192,  878.75, '2025-04-12', N'EMP012', N'دفعة بناءً على المواصفات الجديدة'),
(193, 1147.50, '2025-04-20', N'EMP013', N'استلام الدفعة حسب العقد'),
(194,  558.00, '2025-04-28', N'EMP014', N'دفع جزء من قيمة المواد'),
(195, 1680.00, '2025-05-06', N'EMP015', N'سداد كامل لقيمة الخدمات'),
(196,  726.00, '2025-05-14', N'EMP016', N'دفعة إضافية للتحسينات'),
(197, 1236.25, '2025-05-22', N'EMP017', N'استلام مبلغ مقابل ساعات عمل'),
(198, 1178.00, '2025-05-30', N'EMP018', N'دفعة منتصف الشهر'),
(199,  799.50, '2025-06-03', N'EMP019', N'استلام جزء من الدفعة'),
(200,  402.50, '2025-06-09', N'EMP020', N'سداد دفعة نهاية المرحلة'),
(201, 1140.00, '2025-06-11', N'EMP021', N'دفعة وفق الجدول الزمني'),
(202,  896.00, '2025-06-11', N'EMP022', N'استلام دفعة أخرى'),
(203,  693.00, '2025-05-31', N'EMP023', N'سداد دفعة إضافية'),
(204, 1248.75, '2025-05-26', N'EMP024', N'دفع مبلغ بقيمة إضافية'),
(205,  619.50, '2025-05-21', N'EMP025', N'دفعة مستحقة للخدمات الإدارية'),
(206,  819.00, '2025-05-16', N'EMP026', N'سداد رسوم المواد'),
(207, 1272.00, '2025-05-11', N'EMP027', N'استلام دفعة تحسين الجودة'),
(208,  586.50, '2025-05-06', N'EMP028', N'دفعة جزئية بعد التسليم'),
(209, 1403.00, '2025-05-01', N'EMP029', N'سداد كامل لقيمة المشروع'),
(210,  882.00, '2025-04-30', N'EMP030', N'استلام إيصال نهائي');


-- refaat secion from 211 to 240

-- insert into process bridge 
-- إنشاء 30 سجلًا في جدول ProcessBridge ببيانات واقعية باللغة العربية

-- السجل رقم 1
INSERT INTO ProcessBridge (jobOrderID, machineID, labourID, machineHourPrice, oldMachinePrice, labourHourPrice, oldlabourPrice, numberOfHours, totalMachineValue, totalLabourValue, employeeID)
VALUES (211, 12, 45, 120.50, 110.00, 85.75, 80.00, 10.50, 1265.25, 900.38, N'EMP012');

-- السجل رقم 2
INSERT INTO ProcessBridge (jobOrderID, machineID, labourID, machineHourPrice, oldMachinePrice, labourHourPrice, oldlabourPrice, numberOfHours, totalMachineValue, totalLabourValue, employeeID)
VALUES (212, 58, 3, 95.00, 90.00, 70.00, 65.00, 8.00, 760.00, 560.00, N'EMP058');

-- السجل رقم 3
INSERT INTO ProcessBridge (jobOrderID, machineID, labourID, machineHourPrice, oldMachinePrice, labourHourPrice, oldlabourPrice, numberOfHours, totalMachineValue, totalLabourValue, employeeID)
VALUES (213, 27, 19, 150.00, 145.00, 100.00, 95.00, 5.25, 787.50, 525.00, N'EMP027');

-- السجل رقم 4
INSERT INTO ProcessBridge (jobOrderID, machineID, labourID, machineHourPrice, oldMachinePrice, labourHourPrice, oldlabourPrice, numberOfHours, totalMachineValue, totalLabourValue, employeeID)
VALUES (214, 4, 60, 200.00, 190.00, 120.00, 115.00, 12.00, 2400.00, 1440.00, N'EMP060');

-- السجل رقم 5
INSERT INTO ProcessBridge (jobOrderID, machineID, labourID, machineHourPrice, oldMachinePrice, labourHourPrice, oldlabourPrice, numberOfHours, totalMachineValue, totalLabourValue, employeeID)
VALUES (215, 33, 7, 80.00, 75.00, 65.50, 60.00, 9.75, 780.00, 638.63, N'EMP033');

-- السجل رقم 6
INSERT INTO ProcessBridge (jobOrderID, machineID, labourID, machineHourPrice, oldMachinePrice, labourHourPrice, oldlabourPrice, numberOfHours, totalMachineValue, totalLabourValue, employeeID)
VALUES (216, 50, 22, 110.00, 105.00, 95.00, 90.00, 7.50, 825.00, 712.50, N'EMP050');

-- السجل رقم 7
INSERT INTO ProcessBridge (jobOrderID, machineID, labourID, machineHourPrice, oldMachinePrice, labourHourPrice, oldlabourPrice, numberOfHours, totalMachineValue, totalLabourValue, employeeID)
VALUES (217, 9, 14, 130.00, 125.00, 75.00, 70.00, 11.00, 1430.00, 825.00, N'EMP009');

-- السجل رقم 8
INSERT INTO ProcessBridge (jobOrderID, machineID, labourID, machineHourPrice, oldMachinePrice, labourHourPrice, oldlabourPrice, numberOfHours, totalMachineValue, totalLabourValue, employeeID)
VALUES (218, 41, 29, 140.00, 135.00, 88.00, 85.00, 6.25, 875.00, 550.00, N'EMP041');

-- السجل رقم 9
INSERT INTO ProcessBridge (jobOrderID, machineID, labourID, machineHourPrice, oldMachinePrice, labourHourPrice, oldlabourPrice, numberOfHours, totalMachineValue, totalLabourValue, employeeID)
VALUES (219, 16, 37, 75.00, 70.00, 60.00, 55.00, 10.00, 750.00, 600.00, N'EMP016');

-- السجل رقم 10
INSERT INTO ProcessBridge (jobOrderID, machineID, labourID, machineHourPrice, oldMachinePrice, labourHourPrice, oldlabourPrice, numberOfHours, totalMachineValue, totalLabourValue, employeeID)
VALUES (220, 60, 1, 180.00, 170.00, 110.00, 105.00, 4.50, 810.00, 495.00, N'EMP060');

-- السجل رقم 11
INSERT INTO ProcessBridge (jobOrderID, machineID, labourID, machineHourPrice, oldMachinePrice, labourHourPrice, oldlabourPrice, numberOfHours, totalMachineValue, totalLabourValue, employeeID)
VALUES (221, 23, 53, 100.00, 95.00, 85.00, 80.00, 9.25, 925.00, 786.25, N'EMP023');

-- السجل رقم 12
INSERT INTO ProcessBridge (jobOrderID, machineID, labourID, machineHourPrice, oldMachinePrice, labourHourPrice, oldlabourPrice, numberOfHours, totalMachineValue, totalLabourValue, employeeID)
VALUES (222, 5, 46, 160.00, 155.00, 90.00, 85.00, 3.75, 600.00, 337.50, N'EMP005');

-- السجل رقم 13
INSERT INTO ProcessBridge (jobOrderID, machineID, labourID, machineHourPrice, oldMachinePrice, labourHourPrice, oldlabourPrice, numberOfHours, totalMachineValue, totalLabourValue, employeeID)
VALUES (223, 38, 8, 85.00, 80.00, 70.00, 65.00, 14.00, 1190.00, 980.00, N'EMP038');

-- السجل رقم 14
INSERT INTO ProcessBridge (jobOrderID, machineID, labourID, machineHourPrice, oldMachinePrice, labourHourPrice, oldlabourPrice, numberOfHours, totalMachineValue, totalLabourValue, employeeID)
VALUES (224, 11, 25, 125.00, 120.00, 95.00, 90.00, 2.50, 312.50, 237.50, N'EMP011');

-- السجل رقم 15
INSERT INTO ProcessBridge (jobOrderID, machineID, labourID, machineHourPrice, oldMachinePrice, labourHourPrice, oldlabourPrice, numberOfHours, totalMachineValue, totalLabourValue, employeeID)
VALUES (225, 52, 31, 145.00, 140.00, 105.00, 100.00, 6.00, 870.00, 630.00, N'EMP052');

-- السجل رقم 16
INSERT INTO ProcessBridge (jobOrderID, machineID, labourID, machineHourPrice, oldMachinePrice, labourHourPrice, oldlabourPrice, numberOfHours, totalMachineValue, totalLabourValue, employeeID)
VALUES (226, 30, 17, 90.00, 85.00, 75.00, 70.00, 8.50, 765.00, 637.50, N'EMP030');

-- السجل رقم 17
INSERT INTO ProcessBridge (jobOrderID, machineID, labourID, machineHourPrice, oldMachinePrice, labourHourPrice, oldlabourPrice, numberOfHours, totalMachineValue, totalLabourValue, employeeID)
VALUES (227, 2, 49, 155.00, 150.00, 100.00, 95.00, 5.00, 775.00, 500.00, N'EMP002');

-- السجل رقم 18
INSERT INTO ProcessBridge (jobOrderID, machineID, labourID, machineHourPrice, oldMachinePrice, labourHourPrice, oldlabourPrice, numberOfHours, totalMachineValue, totalLabourValue, employeeID)
VALUES (228, 47, 39, 135.00, 130.00, 80.00, 75.00, 7.25, 978.75, 580.00, N'EMP047');

-- السجل رقم 19
INSERT INTO ProcessBridge (jobOrderID, machineID, labourID, machineHourPrice, oldMachinePrice, labourHourPrice, oldlabourPrice, numberOfHours, totalMachineValue, totalLabourValue, employeeID)
VALUES (229, 19, 12, 170.00, 165.00, 115.00, 110.00, 3.25, 552.50, 373.75, N'EMP019');

-- السجل رقم 20
INSERT INTO ProcessBridge (jobOrderID, machineID, labourID, machineHourPrice, oldMachinePrice, labourHourPrice, oldlabourPrice, numberOfHours, totalMachineValue, totalLabourValue, employeeID)
VALUES (230, 36, 55, 115.00, 110.00, 90.00, 85.00, 10.75, 1236.25, 967.50, N'EMP036');

-- السجل رقم 21
INSERT INTO ProcessBridge (jobOrderID, machineID, labourID, machineHourPrice, oldMachinePrice, labourHourPrice, oldlabourPrice, numberOfHours, totalMachineValue, totalLabourValue, employeeID)
VALUES (231, 7, 21, 105.00, 100.00, 65.00, 60.00, 9.00, 945.00, 585.00, N'EMP007');

-- السجل رقم 22
INSERT INTO ProcessBridge (jobOrderID, machineID, labourID, machineHourPrice, oldMachinePrice, labourHourPrice, oldlabourPrice, numberOfHours, totalMachineValue, totalLabourValue, employeeID)
VALUES (232, 54, 42, 125.00, 120.00, 85.00, 80.00, 4.75, 593.75, 403.75, N'EMP054');

-- السجل رقم 23
INSERT INTO ProcessBridge (jobOrderID, machineID, labourID, machineHourPrice, oldMachinePrice, labourHourPrice, oldlabourPrice, numberOfHours, totalMachineValue, totalLabourValue, employeeID)
VALUES (233, 15, 28, 165.00, 160.00, 95.00, 90.00, 6.50, 1072.50, 617.50, N'EMP015');

-- السجل رقم 24
INSERT INTO ProcessBridge (jobOrderID, machineID, labourID, machineHourPrice, oldMachinePrice, labourHourPrice, oldlabourPrice, numberOfHours, totalMachineValue, totalLabourValue, employeeID)
VALUES (234, 44, 10, 140.00, 135.00, 100.00, 95.00, 5.75, 805.00, 575.00, N'EMP044');

-- السجل رقم 25
INSERT INTO ProcessBridge (jobOrderID, machineID, labourID, machineHourPrice, oldMachinePrice, labourHourPrice, oldlabourPrice, numberOfHours, totalMachineValue, totalLabourValue, employeeID)
VALUES (235, 29, 6, 95.00, 90.00, 70.00, 65.00, 8.25, 783.75, 577.50, N'EMP029');

-- السجل رقم 26
INSERT INTO ProcessBridge (jobOrderID, machineID, labourID, machineHourPrice, oldMachinePrice, labourHourPrice, oldlabourprice, numberOfHours, totalMachineValue, totalLabourValue, employeeID)
VALUES (236, 18, 16, 155.00, 150.00, 85.00, 80.00, 7.00, 1085.00, 595.00, N'EMP018');

-- السجل رقم 27
INSERT INTO ProcessBridge (jobOrderID, machineID, labourID, machineHourPrice, oldMachinePrice, labourHourPrice, oldlabourPrice, numberOfHours, totalMachineValue, totalLabourValue, employeeID)
VALUES (237, 32, 34, 120.00, 115.00, 75.00, 70.00, 11.50, 1380.00, 862.50, N'EMP032');

-- السجل رقم 28
INSERT INTO ProcessBridge (jobOrderID, machineID, labourID, machineHourPrice, oldMachinePrice, labourHourPrice, oldlabourPrice, numberOfHours, totalMachineValue, totalLabourValue, employeeID)
VALUES (238, 21, 2, 130.00, 125.00, 90.00, 85.00, 6.00, 780.00, 540.00, N'EMP021');

-- السجل رقم 29
INSERT INTO ProcessBridge (jobOrderID, machineID, labourID, machineHourPrice, oldMachinePrice, labourHourPrice, oldlabourPrice, numberOfHours, totalMachineValue, totalLabourValue, employeeID)
VALUES (239, 13, 24, 100.00, 95.00, 80.00, 75.00, 9.50, 950.00, 760.00, N'EMP013');

-- السجل رقم 30
INSERT INTO ProcessBridge (jobOrderID, machineID, labourID, machineHourPrice, oldMachinePrice, labourHourPrice, oldlabourPrice, numberOfHours, totalMachineValue, totalLabourValue, employeeID)
VALUES (240, 46, 40, 145.00, 140.00, 105.00, 100.00, 4.25, 616.25, 446.25, N'EMP046');

-- insert into receipt order

-- إدراج 30 سجلًا في جدول RecieptsOrder ببيانات واقعية باللغة العربية

INSERT INTO RecieptsOrder (jobOrderID, amount, receiptDate, employeeID, receiptNotes) VALUES
(211, 1250.50, '2025-05-01', N'EMP012', N'دفعة مقدمة لمشروع الطباعة'),
(212, 980.00, '2025-05-02', N'EMP058', N'استلام دفعة جزئية للمشروع'),
(213, 1500.75, '2025-05-03', N'EMP027', N'دفعة أولى لخدمة التصوير'),
(214, 2400.00, '2025-05-04', N'EMP060', N'تسوية دفعة نهائية للأمر'),
(215, 780.25, '2025-05-05', N'EMP033', N'جزء من المبلغ المتفق عليه'),
(216, 1125.00, '2025-05-06', N'EMP050', N'دفعة لمصاريف المواد'),
(217, 1430.50, '2025-05-07', N'EMP009', N'دفعة لمشروع طباعة البروشورات'),
(218, 875.00, '2025-05-08', N'EMP041', N'دفعة مرحلية للأمر'),
(219, 750.00, '2025-05-09', N'EMP016', N'دفعة مقدمات الخدمة'),
(220, 810.00, '2025-05-10', N'EMP060', N'دفعة إضافية للمشروع'),
(221, 925.75, '2025-05-11', N'EMP023', N'استلام دفعة جمعية'),
(222, 600.00, '2025-05-12', N'EMP005', N'دفعة مقابلة المواد'),
(223, 1190.00, '2025-05-13', N'EMP038', N'دفعة نظير خدمة التصميم'),
(224, 312.50, '2025-05-14', N'EMP011', N'دفعة جزئية للأمر'),
(225, 870.00, '2025-05-15', N'EMP052', N'دفعة أولية للمشروع'),
(226, 765.25, '2025-05-16', N'EMP030', N'دفعة المرحلة الثانية'),
(227, 775.00, '2025-05-17', N'EMP002', N'دفعة تصحيحية للمبلغ'),
(228, 978.75, '2025-05-18', N'EMP047', N'دفعة لخدمة الطباعة الرقمية'),
(229, 552.50, '2025-05-19', N'EMP019', N'دفعة مقابلة رسوم العمل'),
(230, 1236.25, '2025-05-20', N'EMP036', N'دفعة نهائية للأمر'),
(231, 945.00, '2025-05-21', N'EMP007', N'دفعة مقابلة الأتعاب'),
(232, 593.75, '2025-05-22', N'EMP054', N'دفعة للموافقة المسبقة'),
(233, 1072.50, '2025-05-23', N'EMP015', N'دفعة تقديرية'),
(234, 805.00, '2025-05-24', N'EMP044', N'دفعة لمصاريف التوصيل'),
(235, 783.75, '2025-05-25', N'EMP029', N'دفعة جزئية ثانية'),
(236, 1085.00, '2025-05-26', N'EMP018', N'دفعة إضافية للخدمة'),
(237, 1380.50, '2025-05-27', N'EMP032', N'دفعة للطباعة عالية الجودة'),
(238, 780.00, '2025-05-28', N'EMP021', N'دفعة للمرحلة الثالثة'),
(239, 950.00, '2025-05-29', N'EMP013', N'دفعة استلام نهائية'),
(240, 616.25, '2025-05-30', N'EMP046', N'دفعة ختامية للأمر');


-- insert into payment table

INSERT INTO PaymentOrder (purchaseID, amount, paymentDate, employeeID, paymentNotes)
VALUES
(211, 2450.00, '2024-07-15', 'EMP012', N'تم الدفع لشراء مواد كهربائية - فاتورة #E211'),
(212, 3800.50, '2024-08-22', 'EMP045', N'تسوية دفعة مسبقة لأثاث المكاتب'),
(213, 9125.75, '2024-09-05', 'EMP030', N'دفعة نهائية لمستلزمات الإنشاء - مشروع جدة'),
(214, 1500.00, '2024-10-18', 'EMP022', N'دفع جزئي لمواد طباعة - طلبية خاصة'),
(215, 6740.25, '2024-11-29', 'EMP058', N'تسديد فاتورة أجهزة إلكترونية - خصم 5%'),
(216, 8300.00, '2025-01-12', 'EMP003', N'دفع مورد أثاث - دفعة ثانية من أصل ثلاث'),
(217, 4200.50, '2025-02-03', 'EMP041', N'تم السداد لمعدات المطبخ - شيك بنكي'),
(218, 2950.75, '2025-03-17', 'EMP015', N'تسوية فاتورة #218 للمواد المكتبية'),
(219, 5100.00, '2025-04-08', 'EMP027', N'دفعة أخيرة لمشروع تجديد المقر الرئيسي'),
(220, 1875.25, '2025-05-21', 'EMP053', N'دفع مواد تنظيف - خصم كمي 10%'),
(221, 7500.00, '2024-06-30', 'EMP006', N'سداد كامل لمعدات السلامة - شهادة مطابقة'),
(222, 3200.00, '2024-07-14', 'EMP034', N'دفعة مقدمة لتركيب أنظمة مراقبة'),
(223, 4600.50, '2024-08-25', 'EMP019', N'تسديد فاتورة أدوات حدائق - مشروع الرياض'),
(224, 8900.25, '2024-09-11', 'EMP048', N'دفع مواد بناء - شحنة طوارئ'),
(225, 1250.75, '2024-10-29', 'EMP009', N'دفع جزئي لمستلزمات الحاسب الآلي'),
(226, 6800.00, '2024-11-15', 'EMP056', N'سداد فاتورة تأثيث الفروع الجديدة'),
(227, 4300.00, '2024-12-22', 'EMP024', N'دفع مورد ورق - خصم موسمي 15%'),
(228, 2700.50, '2025-01-07', 'EMP037', N'تسوية دفعة أخيرة لمشروع الصيانة'),
(229, 9500.75, '2025-02-18', 'EMP002', N'دفع كامل لمعدات التكييف - ضمان سنتين'),
(230, 3100.25, '2025-03-05', 'EMP051', N'دفعة مواد كهربائية - فاتورة #E230'),
(231, 5200.00, '2025-04-19', 'EMP028', N'سداد فاتورة أدوات مكتبية - طلبية كبيرة'),
(232, 7800.50, '2025-05-01', 'EMP014', N'دفعة ثالثة لمقاول الإنشاءات'),
(233, 1550.75, '2024-07-03', 'EMP043', N'دفع مواد تموين - مناسبة خاصة'),
(234, 6200.00, '2024-08-14', 'EMP021', N'تسديد فاتورة أثاث خارجي - حدائق الشركة'),
(235, 2900.25, '2024-09-26', 'EMP059', N'دفع مورد طباعة - دفعة مقدمة 30%'),
(236, 8400.50, '2024-10-11', 'EMP008', N'سداد كامل لمستلزمات الصيانة'),
(237, 3700.00, '2024-11-23', 'EMP032', N'دفع أجهزة اتصالات - شحنة شهر نوفمبر'),
(238, 5300.75, '2024-12-09', 'EMP047', N'تسوية فاتورة مواد دعاية وإعلان'),
(239, 4100.25, '2025-01-25', 'EMP016', N'دفعة مواد تنظيف - شيك مؤجل'),
(240, 8800.00, '2025-02-28', 'EMP038', N'الدفع النهائي لمشروع التوسعة - شهادة اكتمال');

-- insert into quantity bridge


INSERT INTO QuantityBridge
    (price, returnID, purchaseID, quantity, averageQuantity, totalBalance,
     oldQuantity, oldPrice, oldTotalBalance, requisiteID,
     paperID, inkID, suppliesID, physicalCountID)
VALUES
    (15.75, 211, 215, 200, 160, 3150.00, 120, 14.00, 1680.00, 220, 12,  5,  8, 213),
    (22.10, 212, 219, 150,  95, 3315.00,  40, 20.00,  800.00, 221, 35, 20, 30, 214),
    ( 9.50, 213, 222, 300, 200, 2850.00, 100,  8.50,  850.00, 232, 18, 25, 12, 215),
    (30.00, 214, 225, 120,  85, 3600.00,  50, 28.00, 1400.00, 233, 27, 40, 22, 216),
    (18.25, 215, 228,  80,  60, 1460.00,  40, 17.00,  680.00, 234,  5, 15,  5, 217),
    (45.00, 216, 231,  60,  45, 2700.00,  30, 42.00, 1260.00, 235, 40, 55, 45, 218),
    (12.00, 217, 234, 500, 260, 6000.00,  20, 10.00,  200.00, 236, 50, 10, 20, 219),
    (27.50, 218, 237, 220, 135, 6050.00,  50, 25.00, 1250.00, 237, 22, 35, 28, 220),
    ( 8.75, 219, 240, 400, 275, 3500.00, 150,  8.00, 1200.00, 238, 15,  8, 18, 221),
    (19.99, 220, 211, 250, 175, 4997.50, 100, 18.00, 1800.00, 239, 30, 45, 38, 222),
    (14.30, 221, 213, 180, 110, 2574.00,  40, 13.00,  520.00, 240,  8, 12,  6, 223),
    (33.33, 222, 216,  90,  55, 2999.70,  20, 30.00,  600.00, 211, 45, 50, 40, 224),
    (16.80, 223, 219, 350, 235, 5880.00, 100, 15.00, 1500.00, 212, 17, 22, 10, 225),
    (25.00, 224, 222, 140,  92, 3500.00,  20, 23.00,  460.00, 213, 33, 28, 12, 226),
    (11.10, 225, 225, 275, 143, 3052.50,  75, 10.00,  750.00, 214,  2,  5,  3, 227),
    (39.45, 226, 228,  50,  40, 1972.50,  10, 38.00,  380.00, 215, 54, 38, 27, 228),
    (20.00, 227, 231, 310, 155, 6200.00,  60, 18.00, 1080.00, 216, 29, 18, 15, 229),
    (29.99, 228, 234, 130,  90, 3898.70,  30, 28.00,  840.00, 217, 60, 30, 35, 230),
    (15.00, 229, 237, 440, 255, 6600.00, 100, 14.00, 1400.00, 218, 11, 20,  8, 231),
    (23.75, 230, 240, 210, 145, 4987.50,  50, 22.00, 1100.00, 219, 16, 24, 18, 232),
    (17.60, 231, 211, 330, 200, 5808.00,  80, 16.00, 1280.00, 220, 34, 44, 29, 233),
    (10.00, 232, 213, 290, 195, 2900.00,  90,  9.00,  810.00, 221, 38,  2,  6, 234),
    (35.50, 233, 216,  70,  45, 2485.00,  15, 34.00,  510.00, 222,  4, 17,  7, 235),
    (13.25, 234, 219, 360, 225, 4770.00, 120, 12.00, 1440.00, 223, 42, 56, 36, 236),
    (48.00, 235, 222,  40,  30, 1920.00,   5, 45.00,  225.00, 224, 26, 39, 49, 237),
    (21.30, 236, 225, 230, 145, 4899.00,  60, 20.00, 1200.00, 225,  7,  8, 13, 238),
    (26.75, 237, 228, 160, 105, 4280.00,  30, 25.00,  750.00, 226, 19, 27, 23, 239),
    (18.90, 238, 231, 270, 170, 5103.00,  70, 17.00, 1190.00, 227, 21, 21, 17, 240),
    ( 9.99, 239, 234, 380, 245, 3796.20, 110,  9.00,  990.00, 228, 49, 17, 11, 211),
    (31.25, 240, 237, 100,  65, 3125.00,  40, 30.00, 1200.00, 229, 14, 12,  9, 212);



-- insert into miscellanoues expense
-- إدراج 30 سجلًا في جدول MiscellaneousExpenses ببيانات واقعية باللغة العربية
INSERT INTO MiscellaneousExpenses (
    jobOrderID,
    employeeID,
    materialProcessingExpense,
    filmsProcessingExpense,
    materialsTotal,
    totalAfterMaterials,
    adminstrativeExpense,
    totalExpenses,
    percentage,
    totalAfterEmplyeeImprovementbox,
    other,
    totalAfterPercentage,
    ministryOfFinance,
    employeeImprovmentBox,
    valueAddedTax,
    finalTotal
) VALUES
(211, N'EMP011', 200.00, 100.00, 300.00, 300.00, 50.00, 350.00,   5.00, 380.00, 20.00, 400.00, 10.00, 30.00,  56.00, 466.00),
(212, N'EMP012', 205.00, 100.00, 305.00, 305.00, 50.00, 355.00,   5.00, 385.00, 20.00, 405.00, 10.00, 30.00,  56.70, 471.70),
(213, N'EMP013', 210.00, 100.00, 310.00, 310.00, 50.00, 360.00,   5.00, 390.00, 20.00, 410.00, 10.00, 30.00,  57.40, 477.40),
(214, N'EMP014', 215.00, 100.00, 315.00, 315.00, 50.00, 365.00,   5.00, 395.00, 20.00, 415.00, 10.00, 30.00,  58.10, 483.10),
(215, N'EMP015', 220.00, 100.00, 320.00, 320.00, 50.00, 370.00,   5.00, 400.00, 20.00, 420.00, 10.00, 30.00,  58.80, 488.80),
(216, N'EMP016', 225.00, 100.00, 325.00, 325.00, 50.00, 375.00,   5.00, 405.00, 20.00, 425.00, 10.00, 30.00,  59.50, 494.50),
(217, N'EMP017', 230.00, 100.00, 330.00, 330.00, 50.00, 380.00,   5.00, 410.00, 20.00, 430.00, 10.00, 30.00,  60.20, 500.20),
(218, N'EMP018', 235.00, 100.00, 335.00, 335.00, 50.00, 385.00,   5.00, 415.00, 20.00, 435.00, 10.00, 30.00,  60.90, 505.90),
(219, N'EMP019', 240.00, 100.00, 340.00, 340.00, 50.00, 390.00,   5.00, 420.00, 20.00, 440.00, 10.00, 30.00,  61.60, 511.60),
(220, N'EMP020', 245.00, 100.00, 345.00, 345.00, 50.00, 395.00,   5.00, 425.00, 20.00, 445.00, 10.00, 30.00,  62.30, 517.30),
(221, N'EMP021', 250.00, 100.00, 350.00, 350.00, 50.00, 400.00,   5.00, 430.00, 20.00, 450.00, 10.00, 30.00,  63.00, 523.00),
(222, N'EMP022', 255.00, 100.00, 355.00, 355.00, 50.00, 405.00,   5.00, 435.00, 20.00, 455.00, 10.00, 30.00,  63.70, 528.70),
(223, N'EMP023', 260.00, 100.00, 360.00, 360.00, 50.00, 410.00,   5.00, 440.00, 20.00, 460.00, 10.00, 30.00,  64.40, 534.40),
(224, N'EMP024', 265.00, 100.00, 365.00, 365.00, 50.00, 415.00,   5.00, 445.00, 20.00, 465.00, 10.00, 30.00,  65.10, 540.10),
(225, N'EMP025', 270.00, 100.00, 370.00, 370.00, 50.00, 420.00,   5.00, 450.00, 20.00, 470.00, 10.00, 30.00,  65.80, 545.80),
(226, N'EMP026', 275.00, 100.00, 375.00, 375.00, 50.00, 425.00,   5.00, 455.00, 20.00, 475.00, 10.00, 30.00,  66.50, 551.50),
(227, N'EMP027', 280.00, 100.00, 380.00, 380.00, 50.00, 430.00,   5.00, 460.00, 20.00, 480.00, 10.00, 30.00,  67.20, 557.20),
(228, N'EMP028', 285.00, 100.00, 385.00, 385.00, 50.00, 435.00,   5.00, 465.00, 20.00, 485.00, 10.00, 30.00,  67.90, 562.90),
(229, N'EMP029', 290.00, 100.00, 390.00, 390.00, 50.00, 440.00,   5.00, 470.00, 20.00, 490.00, 10.00, 30.00,  68.60, 568.60),
(230, N'EMP030', 295.00, 100.00, 395.00, 395.00, 50.00, 445.00,   5.00, 475.00, 20.00, 495.00, 10.00, 30.00,  69.30, 574.30),
(231, N'EMP031', 300.00, 100.00, 400.00, 400.00, 50.00, 450.00,   5.00, 480.00, 20.00, 500.00, 10.00, 30.00,  70.00, 580.00),
(232, N'EMP032', 305.00, 100.00, 405.00, 405.00, 50.00, 455.00,   5.00, 485.00, 20.00, 505.00, 10.00, 30.00,  70.70, 585.70),
(233, N'EMP033', 310.00, 100.00, 410.00, 410.00, 50.00, 460.00,   5.00, 490.00, 20.00, 510.00, 10.00, 30.00,  71.40, 591.40),
(234, N'EMP034', 315.00, 100.00, 415.00, 415.00, 50.00, 465.00,   5.00, 495.00, 20.00, 515.00, 10.00, 30.00,  72.10, 597.10),
(235, N'EMP035', 320.00, 100.00, 420.00, 420.00, 50.00, 470.00,   5.00, 500.00, 20.00, 520.00, 10.00, 30.00,  72.80, 602.80),
(236, N'EMP036', 325.00, 100.00, 425.00, 425.00, 50.00, 475.00,   5.00, 505.00, 20.00, 525.00, 10.00, 30.00,  73.50, 608.50),
(237, N'EMP037', 330.00, 100.00, 430.00, 430.00, 50.00, 480.00,   5.00, 510.00, 20.00, 530.00, 10.00, 30.00,  74.20, 614.20),
(238, N'EMP038', 335.00, 100.00, 435.00, 435.00, 50.00, 485.00,   5.00, 515.00, 20.00, 535.00, 10.00, 30.00,  74.90, 619.90),
(239, N'EMP039', 340.00, 100.00, 440.00, 440.00, 50.00, 490.00,   5.00, 520.00, 20.00, 540.00, 10.00, 30.00,  75.60, 625.60),
(240, N'EMP040', 345.00, 100.00, 445.00, 445.00, 50.00, 495.00,   5.00, 525.00, 20.00, 545.00, 10.00, 30.00,  76.30, 631.30);

-- insert into joborder

-- إدراج 30 سجلًا في جدول JobOrder ببيانات واقعية باللغة العربية
INSERT INTO JobOrder
    (remainingAmount, unearnedRevenue, jobOrdernotes, earnedRevenue, jobOrderSource, orderProgress, customerID, startDate, endDate, employeeID)
VALUES
    (0.00,   0.00,   N'طباعة كتالوج منتجات الموسم',          2000.00, N'زيارة عميل',       N'مكتمل',        5,  '2025-02-10', '2025-02-15', N'EMP005'),
    (500.00, 500.00, N'طباعة لافتات إعلانية للمعرض',       1500.00, N'هاتف',           N'قيد التنفيذ',   8,  '2025-03-01', '2025-03-07', N'EMP008'),
    (250.00, 750.00, N'طباعة بروشورات دعائية',            1750.00, N'موقع إلكتروني',  N'قيد التنفيذ',   12, '2025-03-05', '2025-03-12', N'EMP012'),
    (0.00,   0.00,   N'تسليم دفعة نهائية لمشروع الغلاف',    1200.00, N'بريد إلكتروني',   N'مكتمل',        20, '2025-01-20', '2025-01-25', N'EMP020'),
    (300.00, 200.00, N'طباعة بطاقات عمل',                  1800.00, N'زيارة عميل',       N'قيد التنفيذ',   3,  '2025-04-01', '2025-04-04', N'EMP003'),
    (0.00,   0.00,   N'طباعة دعوات زفاف',                  900.00,  N'هاتف',           N'مكتمل',        15, '2025-02-18', '2025-02-22', N'EMP015'),
    (1200.00,300.00, N'خدمة تصوير مجلات',                  1800.00, N'موقع إلكتروني',  N'قيد التنفيذ',   27, '2025-03-10', '2025-03-20', N'EMP027'),
    (0.00,   0.00,   N'طباعة ملصقات المنتجات',             1100.00, N'زيارة عميل',       N'مكتمل',        32, '2025-01-05', '2025-01-12', N'EMP032'),
    (400.00, 600.00, N'خدمة ختم وديباجة',                  1600.00, N'هاتف',           N'قيد التنفيذ',   40, '2025-04-05', '2025-04-10', N'EMP040'),
    (0.00,   0.00,   N'طباعة أظرف رسمية',                  750.00,  N'بريد إلكتروني',   N'مكتمل',        22, '2025-02-25', '2025-03-01', N'EMP022'),
    (550.00,250.00, N'خدمة تجليد الكتب',                  1700.00, N'موقع إلكتروني',  N'قيد التنفيذ',   18, '2025-03-15', '2025-03-23', N'EMP018'),
    (0.00,   0.00,   N'طباعة نشرة صحفية',                  1300.00, N'زيارة عميل',       N'مكتمل',        7,  '2025-01-28', '2025-02-02', N'EMP007'),
    (200.00,300.00, N'خدمة قص ولصق الصور',                1500.00, N'هاتف',           N'قيد التنفيذ',   29, '2025-04-12', '2025-04-16', N'EMP029'),
    (0.00,   0.00,   N'طباعة كتيبات تعليمية',              980.00,  N'بريد إلكتروني',   N'مكتمل',        11, '2025-03-02', '2025-03-07', N'EMP011'),
    (350.00,150.00, N'خدمة تغليف هدايا',                   1200.00, N'زيارة عميل',       N'قيد التنفيذ',   34, '2025-04-20', '2025-04-25', N'EMP034'),
    (0.00,   0.00,   N'طباعة شهادات تقدير',                850.00,  N'موقع إلكتروني',  N'مكتمل',        2,  '2025-02-05', '2025-02-08', N'EMP002'),
    (450.00,100.00, N'خدمة تفريغ نصوص',                   1550.00, N'هاتف',           N'قيد التنفيذ',   50, '2025-03-22', '2025-03-28', N'EMP050'),
    (0.00,   0.00,   N'طباعة أوراق مائية',                 1400.00, N'زيارة عميل',       N'مكتمل',        44, '2025-01-15', '2025-01-20', N'EMP044'),
    (600.00,200.00, N'خدمة فحص جودة الطباعة',             1600.00, N'بريد إلكتروني',   N'قيد التنفيذ',   36, '2025-04-08', '2025-04-12', N'EMP036'),
    (0.00,   0.00,   N'طباعة مجلة داخلية',                  1900.00, N'موقع إلكتروني',  N'مكتمل',        28, '2025-02-12', '2025-02-18', N'EMP028'),
    (500.00,300.00, N'خدمة تصوير مستندات',                1700.00, N'هاتف',           N'قيد التنفيذ',   16, '2025-03-30', '2025-04-04', N'EMP016'),
    (0.00,   0.00,   N'طباعة مستندات رسمية',               1250.00, N'زيارة عميل',       N'مكتمل',        9,  '2025-01-22', '2025-01-27', N'EMP009'),
    (320.00,180.00, N'خدمة نسخ ضوئي',                     1300.00, N'بريد إلكتروني',   N'قيد التنفيذ',   31, '2025-04-15', '2025-04-19', N'EMP031'),
    (0.00,   0.00,   N'طباعة كروت معايدة',                 900.00,  N'موقع إلكتروني',  N'مكتمل',        14, '2025-02-02', '2025-02-06', N'EMP014'),
    (700.00,100.00, N'خدمة تصحيح ألوان',                  1600.00, N'هاتف',           N'قيد التنفيذ',   55, '2025-03-18', '2025-03-24', N'EMP055'),
    (0.00,   0.00,   N'طباعة مطبوعات فنية',                1750.00, N'زيارة عميل',       N'مكتمل',        38, '2025-01-10', '2025-01-17', N'EMP038'),
    (280.00,220.00, N'خدمة مسح ضوئي عالي الدقة',          1500.00, N'بريد إلكتروني',   N'قيد التنفيذ',   47, '2025-04-22', '2025-04-27', N'EMP047'),
    (0.00,   0.00,   N'طباعة مستندات قانونية',             1400.00, N'موقع إلكتروني',  N'مكتمل',        19, '2025-02-08', '2025-02-14', N'EMP019'),
    (650.00,150.00, N'خدمة ختم مستعجل',                   1550.00, N'هاتف',           N'قيد التنفيذ',   59, '2025-03-25', '2025-03-30', N'EMP059'),
    (0.00,   0.00,   N'طباعة دليل الاستخدام',             1200.00, N'زيارة عميل',       N'مكتمل',        26, '2025-01-30', '2025-02-04', N'EMP026');


-- insert into requisite

INSERT INTO RequisiteOrder (requisiteDate, employeeID, jobOrderID, requisiteNotes)
VALUES
('2024-07-05', 'EMP014', 211, N'طلب مواد كهربائية لورشة الصيانة - مشروع الرياض'),
('2024-08-12', 'EMP038', 212, N'أدوات مكتبية لفرع جدة - طلبية عاجلة'),
('2024-09-18', 'EMP005', 213, N'مواد بناء لتوسعة المستودع الرئيسي'),
('2024-10-22', 'EMP052', 214, N'أحبار طباعة لطابعات المقر - ألوان متعددة'),
('2024-11-30', 'EMP021', 215, N'قطع غيار لمعدات الإنشاءات - طلبية #C215'),
('2024-12-15', 'EMP047', 216, N'مستلزمات نظافة لجميع الفروع - كمية شهرية'),
('2025-01-08', 'EMP033', 217, N'أثاث مكتبي لمكاتب الإدارة - مشروع التحديث'),
('2025-02-14', 'EMP009', 218, N'أجهزة حاسوب لموظفي الدعم الفني'),
('2025-03-21', 'EMP058', 219, N'مواد تغليف لمشروع التوزيع الموسمي'),
('2025-04-03', 'EMP026', 220, N'أدوات سلامة لمشروع الإنشاءات - خوذ وسترات'),
('2024-07-19', 'EMP042', 221, N'طابعة جديدة لقسم المحاسبة - طابعة ليزر A3'),
('2024-08-25', 'EMP017', 222, N'كابلات شبكة لتركيب في الفرع الجديد'),
('2024-09-30', 'EMP053', 223, N'أدوات حدائق لمشروع تنسيق المواقع'),
('2024-10-11', 'EMP006', 224, N'قطع غيار لسيارات الشركة - صيانة دورية'),
('2024-11-22', 'EMP031', 225, N'معدات مطبخ لمقصف المقر الرئيسي'),
('2024-12-28', 'EMP048', 226, N'مواد دعائية لحملة العروض السنوية'),
('2025-01-17', 'EMP012', 227, N'أجهزة اتصال لمركز خدمة العملاء'),
('2025-02-23', 'EMP044', 228, N'أدوات كهربائية لورشة الصيانة - تحديث المخزون'),
('2025-03-12', 'EMP029', 229, N'مواد كهربائية لمشروع الإنارة الخارجية'),
('2025-04-27', 'EMP055', 230, N'أثاث انتظار لصالات الاستقبال - 10 كراسي');
-- insert into return
-- إدراج 30 سجلًا في جدول ReturnsOrder ببيانات واقعية باللغة العربية
INSERT INTO ReturnsOrder (returnDate, jobOrderID, purchaseID, returnInOut, employeeID, returnsNotes) VALUES
('2025-05-01', 211, 215, 1, N'EMP011', N'إرجاع جزء من المواد الورقية الزائدة'),
('2025-05-02', 212, 218, 0, N'EMP024', N'إرجاع فيلم معيب'),
('2025-05-03', 213, 221, 1, N'EMP037', N'إرجاع حبر تم استخدام جزء منه فقط'),
('2025-05-04', 214, 224, 0, N'EMP003', N'إرجاع لوازم طباعة تالفة'),
('2025-05-05', 215, 227, 1, N'EMP056', N'إرجاع ورق ملون غير مطابق للمواصفات'),
('2025-05-06', 216, 230, 1, N'EMP018', N'إرجاع فيلم شفاف إضافي'),
('2025-05-07', 217, 212, 0, N'EMP045', N'إرجاع حبر أسود متبقي'),
('2025-05-08', 218, 217, 1, N'EMP029', N'إرجاع لاصق ورقي غير مستخدم'),
('2025-05-09', 219, 220, 0, N'EMP052', N'إرجاع شريحة فيلم تالفة أثناء النقل'),
('2025-05-10', 220, 213, 1, N'EMP006', N'إرجاع ورق حراري فائض الكمية'),
('2025-05-11', 221, 216, 1, N'EMP039', N'إرجاع حبر ملون غير مستخدم'),
('2025-05-12', 222, 219, 0, N'EMP027', N'إرجاع فيلم ملون ذو خدوش'),
('2025-05-13', 223, 222, 1, N'EMP014', N'إرجاع مشتريات ورقية زائدة عن الطلب'),
('2025-05-14', 224, 225, 1, N'EMP033', N'إرجاع لوازم تغليف غير مطابقة'),
('2025-05-15', 225, 228, 0, N'EMP059', N'إرجاع فيلم مكرر بطريق الخطأ'),
('2025-05-16', 226, 231, 1, N'EMP002', N'إرجاع حبر بني لم يتم استخدامه'),
('2025-05-17', 227, 234, 0, N'EMP048', N'إرجاع ورق فوتوغرافي مخدوش'),
('2025-05-18', 228, 237, 1, N'EMP019', N'إرجاع لاصق شفاف إضافي'),
('2025-05-19', 229, 240, 1, N'EMP030', N'إرجاع فيلم رتوش فائض'),
('2025-05-20', 230, 213, 0, N'EMP041', N'إرجاع حبر أزرق معيب'),
('2025-05-21', 231, 216, 1, N'EMP008', N'إرجاع ورق ذهبي غير مستعمل'),
('2025-05-22', 232, 219, 1, N'EMP053', N'إرجاع حبر أحمر فائض'),
('2025-05-23', 233, 222, 0, N'EMP025', N'إرجاع فيلم حراري متضرر'),
('2025-05-24', 234, 225, 1, N'EMP012', N'إرجاع ورق شفاف غير مستخدم'),
('2025-05-25', 235, 228, 1, N'EMP034', N'إرجاع حبر صبغي فائض'),
('2025-05-26', 236, 231, 0, N'EMP047', N'إرجاع لوازم تغليف تالفة'),
('2025-05-27', 237, 234, 1, N'EMP016', N'إرجاع ورق ملون زائد'),
('2025-05-28', 238, 237, 1, N'EMP057', N'إرجاع فيلم وثائقي غير مستخدم'),
('2025-05-29', 239, 240, 0, N'EMP021', N'إرجاع حبر أسود تالف'),
('2025-05-30', 240, 213, 1, N'EMP044', N'إرجاع ورق عازل غير مكتمل');

-- insert into physicalcount
INSERT INTO PhysicalCountOrder (employeeID, physicalCountDate, physicalCountNotes)
VALUES
('EMP022', '2024-07-15', N'جرد ربع سنوي للمستودع الرئيسي - مواد كهربائية'),
('EMP045', '2024-08-05', N'جرد مفاجئ لقسم الأدوات المكتبية بعد تسجيل نقص'),
('EMP013', '2024-09-12', N'جرد نهاية الشهر - قسم مواد البناء'),
('EMP051', '2024-10-18', N'جرد دوري للأجهزة الإلكترونية - المخزن الغربي'),
('EMP008', '2024-11-22', N'جرد ما قبل العطلة السنوية - جميع الأقسام'),
('EMP036', '2024-12-30', N'جرد نهائي للسنة المالية 2024 - مصادقة المحاسب'),
('EMP019', '2025-01-07', N'جرد بعد عملية جرد رأس السنة - تصحيح الأخطاء'),
('EMP042', '2025-02-14', N'جرد قسم المواد الكيميائية - السلامة المهنية'),
('EMP027', '2025-03-21', N'جرد ربع سنوي - قسم قطع الغيار'),
('EMP054', '2025-04-03', N'جرد مواد التعبئة والتغليف قبل موسم الصيف'),
('EMP031', '2024-07-25', N'جرد مفاجئ لمستودع الأدوات الصحية - تقرير مفصل'),
('EMP016', '2024-08-15', N'جرد قسم الأثاث بعد عملية النقل الداخلي'),
('EMP049', '2024-09-30', N'جرد نهاية الربع الثالث - مواد التنظيف'),
('EMP005', '2024-10-29', N'جرد مواد الإسعافات الأولية - تاريخ صلاحية'),
('EMP023', '2024-11-15', N'جرد ما قبل الحملة الترويجية - المواد الدعائية'),
('EMP057', '2024-12-10', N'جرد أدوات السلامة الشخصية - فحص المعدات'),
('EMP011', '2025-01-25', N'جرد بعد عملية السرقة - مستودع الفرع الشرقي'),
('EMP038', '2025-02-18', N'جرد مواد التصوير والطباعة - مراجعة المخزون'),
('EMP029', '2025-03-05', N'جرد قسم المعدات الثقيلة - توثيق الحالة'),
('EMP044', '2025-04-22', N'جرد نهائي قبل التدقيق الخارجي - جميع المستودعات');
-- insert into purchase
-- إدراج 30 سجلًا في جدول PurchaseOrder ببيانات واقعية باللغة العربية
INSERT INTO PurchaseOrder (purchaseDate, employeeID, remainingAmount, paidAmount, vendorID, purchaseNotes) VALUES
('2025-04-01', N'EMP005',  500.00, 1500.00,  3, N'شراء ورق طباعة عالي الجودة'),
('2025-04-02', N'EMP012',    0.00, 2000.00, 15, N'شراء أحبار ملونة لمشاريع الدعاية'),
('2025-04-03', N'EMP023',  300.00, 1200.00, 28, N'شراء أفلام تصوير شفافة'),
('2025-04-04', N'EMP034',  450.00, 1050.00, 42, N'شراء لوازم تغليف'),
('2025-04-05', N'EMP047',    0.00, 1800.00,  7, N'شراء ورق حراري لماكينات الطباعة'),
('2025-04-06', N'EMP059',  200.00,  800.00, 33, N'شراء شرائط أفلام ورقية'),
('2025-04-07', N'EMP002',    0.00, 1600.00, 21, N'شراء ورق ملون للطباعة الرقمية'),
('2025-04-08', N'EMP018',  350.00, 1150.00, 50, N'شراء أحبار سوداء بنوعية ممتازة'),
('2025-04-09', N'EMP027',  100.00,  900.00,  9, N'شراء أفلام شفافة للطابعات'),
('2025-04-10', N'EMP036',    0.00, 1400.00, 17, N'شراء ورق كرتون للسياقات الثقيلة'),
('2025-04-11', N'EMP044',  250.00, 1250.00, 11, N'شراء أحبار ذهبية وفضية'),
('2025-04-12', N'EMP051',    0.00, 1700.00, 26, N'شراء شرائط لاصقة خاصة'),
('2025-04-13', N'EMP008',  150.00,  850.00, 38, N'شراء مواد تنظيف الماكينات'),
('2025-04-14', N'EMP019',    0.00, 1550.00,  5, N'شراء ورق فوتوغرافي عالي الدقة'),
('2025-04-15', N'EMP031',  400.00, 1100.00, 29, N'شراء أحبار ملونة لمطبعة الملصقات'),
('2025-04-16', N'EMP041',  500.00, 1000.00, 14, N'شراء فيلم تصفيح للحماية'),
('2025-04-17', N'EMP013',    0.00, 1650.00, 22, N'شراء ورق دفتر للوصلات'),
('2025-04-18', N'EMP029',  275.00, 1275.00, 31, N'شراء أحبار خاصة بالطباعة على الأقمشة'),
('2025-04-19', N'EMP037',    0.00, 1450.00,  2, N'شراء شرائط فيلم بوليستر'),
('2025-04-20', N'EMP015',  125.00, 1125.00, 47, N'شراء لوازم صيانة الماكينات'),
('2025-04-21', N'EMP053',    0.00, 1900.00,  8, N'شراء ورق حراري للطابعات الصغيرة'),
('2025-04-22', N'EMP007',  320.00, 1080.00, 36, N'شراء ورق كرافت للتغليف'),
('2025-04-23', N'EMP025',    0.00, 1350.00, 13, N'شراء فيلم بلاستيكي شفاف'),
('2025-04-24', N'EMP033',  210.00,  990.00, 40, N'شراء شرائط ملونة للطباعة الفنية'),
('2025-04-25', N'EMP049',    0.00, 1750.00, 19, N'شراء ورق فاخر للكتالوجات'),
('2025-04-26', N'EMP010',  180.00, 1180.00, 27, N'شراء أحبار طباعة حرارية'),
('2025-04-27', N'EMP021',    0.00, 1500.00, 16, N'شراء ورق تصوير للأجهزة المتقدمة'),
('2025-04-28', N'EMP042',  275.00, 1175.00, 32, N'شراء لوازم تثبيت الأفلام'),
('2025-04-29', N'EMP061',    0.00, 1300.00,  4, N'شراء ورق للملفات الداخلية'),
('2025-04-30', N'EMP028',  350.00, 1150.00, 23, N'شراء فيلم خارجي لمشاريع الدعاية'); 
